event_id,geographic_group,target_label,source_label,label_source,source_record_id,match_distance_m,time_difference,confidence,review_status,tier,distance_to_facility_meters,nearby_facility_count,hotspot_frequency_30d,persistence_days,frp,brightness_temperature,day_night,nearest_facility_type,land_cover_at_event,is_built_up,recurrence_rate
7,21.0_72.5,1,INDUSTRIAL_HEAT_SOURCE_REFERENCE,GIHS,Unknown,0.0,,HIGH,AUTO_MATCHED,TIER_A,,0,4,0.0,5.53,332.45,D,,50,1,0.13333333333333333
8,21.0_72.5,1,INDUSTRIAL_HEAT_SOURCE_REFERENCE,GIHS,Unknown,0.0,,HIGH,AUTO_MATCHED,TIER_A,,0,4,0.0,5.1,333.08,D,,10,0,0.13333333333333333
9,21.0_72.5,1,INDUSTRIAL_HEAT_SOURCE_REFERENCE,GIHS,Unknown,0.0,,HIGH,AUTO_MATCHED,TIER_A,,0,4,0.0,3.53,331.91,D,,10,0,0.13333333333333333
10,21.0_72.5,1,INDUSTRIAL_HEAT_SOURCE_REFERENCE,GIHS,Unknown,0.0,,HIGH,AUTO_MATCHED,TIER_A,,0,4,0.0,5.53,341.69,D,,80,0,0.13333333333333333
20,15.0_76.0,1,INDUSTRIAL_HEAT_SOURCE_REFERENCE,GIHS,Unknown,91.02265017550164,,HIGH,AUTO_MATCHED,TIER_A,,0,1,0.0,6.82,333.94,D,,40,0,0.03333333333333333
23,19.0_73.0,1,INDUSTRIAL_HEAT_SOURCE_REFERENCE,GIHS,Unknown,0.0,,HIGH,AUTO_MATCHED,TIER_A,,0,1,0.0,0.9,308.66,N,,30,0,0.03333333333333333
25,18.5_73.0,1,INDUSTRIAL_HEAT_SOURCE_REFERENCE,GIHS,Unknown,0.0,,HIGH,AUTO_MATCHED,TIER_A,,0,6,0.0,1.88,308.1,N,,50,1,0.2
26,18.5_73.0,1,INDUSTRIAL_HEAT_SOURCE_REFERENCE,GIHS,Unknown,22.200168781053478,,HIGH,AUTO_MATCHED,TIER_A,,0,6,0.0,2.24,322.44,N,,60,0,0.2
27,18.5_73.0,1,INDUSTRIAL_HEAT_SOURCE_REFERENCE,GIHS,Unknown,0.0,,HIGH,AUTO_MATCHED,TIER_A,,0,6,0.0,2.36,312.36,N,,50,1,0.2
28,18.5_73.0,1,INDUSTRIAL_HEAT_SOURCE_REFERENCE,GIHS,Unknown,0.0,,HIGH,AUTO_MATCHED,TIER_A,,0,6,0.0,2.24,318.43,N,,60,0,0.2
29,18.5_73.0,1,INDUSTRIAL_HEAT_SOURCE_REFERENCE,GIHS,Unknown,0.0,,HIGH,AUTO_MATCHED,TIER_A,,0,6,0.0,3.3,321.29,N,,50,1,0.2
30,18.5_73.0,1,INDUSTRIAL_HEAT_SOURCE_REFERENCE,GIHS,Unknown,0.0,,HIGH,AUTO_MATCHED,TIER_A,,0,6,0.0,2.22,308.16,N,,50,1,0.2
31,17.0_77.0,1,INDUSTRIAL_HEAT_SOURCE_REFERENCE,GIHS,Unknown,0.0,,HIGH,AUTO_MATCHED,TIER_A,,0,1,0.0,1.4,305.9,N,,50,1,0.03333333333333333
34,15.0_77.0,1,INDUSTRIAL_HEAT_SOURCE_REFERENCE,GIHS,Unknown,0.0,,HIGH,AUTO_MATCHED,TIER_A,,0,1,0.0,1.34,302.98,N,,50,1,0.03333333333333333
35,15.5_73.5,1,INDUSTRIAL_HEAT_SOURCE_REFERENCE,GIHS,Unknown,0.0,,HIGH,AUTO_MATCHED,TIER_A,,0,1,0.0,0.82,313.44,N,,30,0,0.03333333333333333
36,15.0_76.5,1,INDUSTRIAL_HEAT_SOURCE_REFERENCE,GIHS,Unknown,0.0,,HIGH,AUTO_MATCHED,TIER_A,,0,6,0.0,4.08,331.11,N,,60,0,0.2
37,15.0_76.5,1,INDUSTRIAL_HEAT_SOURCE_REFERENCE,GIHS,Unknown,0.0,,HIGH,AUTO_MATCHED,TIER_A,,0,5,0.0,2.73,308.63,N,,50,1,0.16666666666666666
38,15.0_76.5,1,INDUSTRIAL_HEAT_SOURCE_REFERENCE,GIHS,Unknown,0.0,,HIGH,AUTO_MATCHED,TIER_A,,0,5,0.0,1.41,305.14,N,,50,1,0.16666666666666666
39,15.0_76.5,1,INDUSTRIAL_HEAT_SOURCE_REFERENCE,GIHS,Unknown,0.0,,HIGH,AUTO_MATCHED,TIER_A,,0,5,0.0,3.17,322.53,N,,50,1,0.16666666666666666
40,15.0_76.5,1,INDUSTRIAL_HEAT_SOURCE_REFERENCE,GIHS,Unknown,624.9300206636121,,LOW,AUTO_MATCHED,TIER_B,,0,3,0.0,1.62,305.29,N,,60,0,0.1
41,15.0_76.5,1,INDUSTRIAL_HEAT_SOURCE_REFERENCE,GIHS,Unknown,0.0,,HIGH,AUTO_MATCHED,TIER_A,,0,4,0.0,3.87,326.68,N,,60,0,0.13333333333333333
42,15.0_76.5,1,INDUSTRIAL_HEAT_SOURCE_REFERENCE,GIHS,Unknown,0.0,,HIGH,AUTO_MATCHED,TIER_A,,0,4,0.0,1.82,307.17,N,,50,1,0.13333333333333333
43,15.0_76.5,1,INDUSTRIAL_HEAT_SOURCE_REFERENCE,GIHS,Unknown,0.0,,HIGH,AUTO_MATCHED,TIER_A,,0,4,0.0,2.66,321.55,N,,10,0,0.13333333333333333
44,15.0_76.0,1,INDUSTRIAL_HEAT_SOURCE_REFERENCE,GIHS,Unknown,0.0,,HIGH,AUTO_MATCHED,TIER_A,,0,1,0.0,1.58,306.65,N,,50,1,0.03333333333333333
45,15.0_76.0,1,INDUSTRIAL_HEAT_SOURCE_REFERENCE,GIHS,Unknown,0.0,,HIGH,AUTO_MATCHED,TIER_A,,0,3,0.5229166666666667,1.02,305.91,N,,60,0,0.1
46,15.0_76.0,1,INDUSTRIAL_HEAT_SOURCE_REFERENCE,GIHS,Unknown,0.0,,HIGH,AUTO_MATCHED,TIER_A,,0,3,0.5229166666666667,1.37,309.23,N,,60,0,0.1
47,15.0_76.5,1,INDUSTRIAL_HEAT_SOURCE_REFERENCE,GIHS,Unknown,112.16359203593669,,HIGH,AUTO_MATCHED,TIER_A,,0,1,0.0,0.8,302.91,N,,60,0,0.03333333333333333
51,15.0_76.5,1,INDUSTRIAL_HEAT_SOURCE_REFERENCE,GIHS,Unknown,0.0,,HIGH,AUTO_MATCHED,TIER_A,,0,7,0.4638888888888889,3.01,330.97,D,,60,0,0.23333333333333334
52,15.0_76.5,1,INDUSTRIAL_HEAT_SOURCE_REFERENCE,GIHS,Unknown,0.0,,HIGH,AUTO_MATCHED,TIER_A,,0,4,0.4638888888888889,2.36,330.19,D,,50,1,0.13333333333333333
62,19.5_75.0,1,INDUSTRIAL_HEAT_SOURCE_REFERENCE,GIHS,Unknown,0.0,,HIGH,AUTO_MATCHED,TIER_A,,0,1,0.0,4.81,331.52,D,,50,1,0.03333333333333333
64,21.0_72.5,1,INDUSTRIAL_HEAT_SOURCE_REFERENCE,GIHS,Unknown,0.0,,HIGH,AUTO_MATCHED,TIER_A,,0,7,0.9868055555555556,11.04,341.86,D,,50,1,0.23333333333333334
65,21.0_72.5,1,INDUSTRIAL_HEAT_SOURCE_REFERENCE,GIHS,Unknown,0.0,,HIGH,AUTO_MATCHED,TIER_A,,0,7,0.9868055555555556,7.08,342.63,D,,10,0,0.23333333333333334
66,21.0_72.5,1,INDUSTRIAL_HEAT_SOURCE_REFERENCE,GIHS,Unknown,0.0,,HIGH,AUTO_MATCHED,TIER_A,,0,7,0.9868055555555556,7.85,331.45,D,,50,1,0.23333333333333334
67,22.5_77.5,1,INDUSTRIAL_HEAT_SOURCE_REFERENCE,GIHS,Unknown,748.0554821093295,,LOW,AUTO_MATCHED,TIER_B,,0,1,0.0,3.23,331.49,D,,50,1,0.03333333333333333
89,20.5_86.0,1,INDUSTRIAL_HEAT_SOURCE_REFERENCE,GIHS,Unknown,0.0,,HIGH,AUTO_MATCHED,TIER_A,,0,2,0.0,5.43,326.64,D,,60,0,0.06666666666666667
90,20.5_86.0,1,INDUSTRIAL_HEAT_SOURCE_REFERENCE,GIHS,Unknown,0.0,,HIGH,AUTO_MATCHED,TIER_A,,0,2,0.0,4.7,328.35,D,,60,0,0.06666666666666667
96,22.5_86.0,1,INDUSTRIAL_HEAT_SOURCE_REFERENCE,GIHS,Unknown,0.0,,HIGH,AUTO_MATCHED,TIER_A,,0,1,0.0,3.6,332.11,D,,50,1,0.03333333333333333
117,29.5_91.0,1,INDUSTRIAL_HEAT_SOURCE_REFERENCE,GIHS,Unknown,0.0,,HIGH,AUTO_MATCHED,TIER_A,,0,2,0.0,7.4,326.09,D,,30,0,0.06666666666666667
118,29.5_91.0,1,INDUSTRIAL_HEAT_SOURCE_REFERENCE,GIHS,Unknown,0.0,,HIGH,AUTO_MATCHED,TIER_A,,0,2,0.0,6.36,330.08,D,,50,1,0.06666666666666667
227,13.0_80.0,1,INDUSTRIAL_HEAT_SOURCE_REFERENCE,GIHS,Unknown,0.0,,HIGH,AUTO_MATCHED,TIER_A,,0,1,0.0,3.02,330.14,D,,20,0,0.03333333333333333
246,15.0_76.5,1,INDUSTRIAL_HEAT_SOURCE_REFERENCE,GIHS,Unknown,543.9000206631306,,HIGH,AUTO_MATCHED,TIER_A,,0,4,0.47847222222222224,3.07,331.73,D,,20,0,0.13333333333333333
249,15.0_76.0,1,INDUSTRIAL_HEAT_SOURCE_REFERENCE,GIHS,Unknown,0.0,,HIGH,AUTO_MATCHED,TIER_A,,0,1,0.0,3.91,339.89,D,,50,1,0.03333333333333333
252,15.5_73.5,1,INDUSTRIAL_HEAT_SOURCE_REFERENCE,GIHS,Unknown,0.0,,HIGH,AUTO_MATCHED,TIER_A,,0,1,0.0,2.97,333.14,D,,60,0,0.03333333333333333
275,18.5_73.0,1,INDUSTRIAL_HEAT_SOURCE_REFERENCE,GIHS,Unknown,0.0,,HIGH,AUTO_MATCHED,TIER_A,,0,7,0.4798611111111111,7.68,342.81,D,,50,1,0.23333333333333334
277,19.0_82.0,1,INDUSTRIAL_HEAT_SOURCE_REFERENCE,GIHS,Unknown,0.0,,HIGH,AUTO_MATCHED,TIER_A,,0,1,0.0,3.29,329.43,D,,50,1,0.03333333333333333
281,20.5_85.0,1,INDUSTRIAL_HEAT_SOURCE_REFERENCE,GIHS,Unknown,0.0,,HIGH,AUTO_MATCHED,TIER_A,,0,1,0.0,4.64,328.16,D,,50,1,0.03333333333333333
283,21.0_72.5,1,INDUSTRIAL_HEAT_SOURCE_REFERENCE,GIHS,Unknown,0.0,,HIGH,AUTO_MATCHED,TIER_A,,0,11,1.0013888888888889,4.55,332.68,D,,10,0,0.36666666666666664
284,21.0_72.5,1,INDUSTRIAL_HEAT_SOURCE_REFERENCE,GIHS,Unknown,0.0,,HIGH,AUTO_MATCHED,TIER_A,,0,11,1.0013888888888889,6.85,336.32,D,,50,1,0.36666666666666664
285,21.0_72.5,1,INDUSTRIAL_HEAT_SOURCE_REFERENCE,GIHS,Unknown,0.0,,HIGH,AUTO_MATCHED,TIER_A,,0,11,1.0013888888888889,11.89,345.13,D,,50,1,0.36666666666666664
286,21.0_72.5,1,INDUSTRIAL_HEAT_SOURCE_REFERENCE,GIHS,Unknown,0.0,,HIGH,AUTO_MATCHED,TIER_A,,0,11,1.0013888888888889,3.51,334.87,D,,60,0,0.36666666666666664
291,21.5_84.0,1,INDUSTRIAL_HEAT_SOURCE_REFERENCE,GIHS,Unknown,0.0,,HIGH,AUTO_MATCHED,TIER_A,,0,1,0.0,3.5,327.62,D,,50,1,0.03333333333333333
294,21.5_83.5,1,INDUSTRIAL_HEAT_SOURCE_REFERENCE,GIHS,Unknown,0.0,,HIGH,AUTO_MATCHED,TIER_A,,0,1,0.0,6.19,330.52,D,,60,0,0.03333333333333333
295,21.5_83.0,1,INDUSTRIAL_HEAT_SOURCE_REFERENCE,GIHS,Unknown,0.0,,HIGH,AUTO_MATCHED,TIER_A,,0,1,0.0,4.26,330.36,D,,50,1,0.03333333333333333
296,22.0_83.5,1,INDUSTRIAL_HEAT_SOURCE_REFERENCE,GIHS,Unknown,658.1086060755607,,LOW,AUTO_MATCHED,TIER_B,,0,2,0.0,5.45,333.08,D,,10,0,0.06666666666666667
297,22.0_83.5,1,INDUSTRIAL_HEAT_SOURCE_REFERENCE,GIHS,Unknown,613.3102904542067,,LOW,AUTO_MATCHED,TIER_B,,0,2,0.0,4.44,328.15,D,,30,0,0.06666666666666667
299,22.0_69.0,1,INDUSTRIAL_HEAT_SOURCE_REFERENCE,GIHS,Unknown,0.0,,HIGH,AUTO_MATCHED,TIER_A,,0,1,0.0,4.99,332.47,D,,10,0,0.03333333333333333
320,23.5_86.0,1,INDUSTRIAL_HEAT_SOURCE_REFERENCE,GIHS,Unknown,0.0,,HIGH,AUTO_MATCHED,TIER_A,,0,1,0.0,5.08,340.02,D,,60,0,0.03333333333333333
325,28.0_69.0,1,INDUSTRIAL_HEAT_SOURCE_REFERENCE,GIHS,Unknown,0.0,,HIGH,AUTO_MATCHED,TIER_A,,0,1,0.0,3.0,337.12,D,,60,0,0.03333333333333333
326,28.0_69.5,1,INDUSTRIAL_HEAT_SOURCE_REFERENCE,GIHS,Unknown,0.0,,HIGH,AUTO_MATCHED,TIER_A,,0,1,0.0,2.53,334.15,D,,50,1,0.03333333333333333
373,33.0_71.0,1,INDUSTRIAL_HEAT_SOURCE_REFERENCE,GIHS,Unknown,0.0,,HIGH,AUTO_MATCHED,TIER_A,,0,1,0.0,2.69,330.12,D,,80,0,0.03333333333333333
543,30.0_75.0,1,INDUSTRIAL_HEAT_SOURCE_REFERENCE,GIHS,Unknown,603.3656884452124,,LOW,AUTO_MATCHED,TIER_B,,0,2,0.0,6.05,339.4,D,,40,0,0.06666666666666667
626,30.0_75.5,0,AGRICULTURAL_BURNING_REFERENCE,PUNJAB_CROP,Unknown,990.7656156107826,4.704861111111111,HIGH,AUTO_MATCHED,TIER_A,,0,2,0.0,5.95,344.44,D,,40,0,0.06666666666666667
643,30.0_75.5,0,AGRICULTURAL_BURNING_REFERENCE,PUNJAB_CROP,Unknown,752.6948859908206,4.704861111111111,HIGH,AUTO_MATCHED,TIER_A,,0,2,0.0,7.35,336.25,D,,40,0,0.06666666666666667
671,30.0_75.5,0,AGRICULTURAL_BURNING_REFERENCE,PUNJAB_CROP,Unknown,541.8318743545533,4.704861111111111,HIGH,AUTO_MATCHED,TIER_A,,0,2,0.0,2.99,334.42,D,,40,0,0.06666666666666667
673,30.0_75.5,0,AGRICULTURAL_BURNING_REFERENCE,PUNJAB_CROP,Unknown,576.0425974965721,4.704861111111111,HIGH,AUTO_MATCHED,TIER_A,,0,2,0.0,2.93,332.21,D,,40,0,0.06666666666666667
685,30.0_75.5,0,AGRICULTURAL_BURNING_REFERENCE,PUNJAB_CROP,Unknown,391.9429613521417,4.704861111111111,HIGH,AUTO_MATCHED,TIER_A,,0,2,0.0,4.92,344.01,D,,40,0,0.06666666666666667
688,30.0_75.5,0,AGRICULTURAL_BURNING_REFERENCE,PUNJAB_CROP,Unknown,366.85853382256306,4.704861111111111,HIGH,AUTO_MATCHED,TIER_A,,0,2,0.0,4.28,341.44,D,,40,0,0.06666666666666667
730,30.0_75.5,0,AGRICULTURAL_BURNING_REFERENCE,PUNJAB_CROP,Unknown,531.4995558679675,4.704861111111111,HIGH,AUTO_MATCHED,TIER_A,,0,1,0.0,6.24,345.52,D,,10,0,0.03333333333333333
850,30.5_75.5,1,INDUSTRIAL_HEAT_SOURCE_REFERENCE,GIHS,Unknown,1053.4106554181526,,LOW,AUTO_MATCHED,TIER_B,,0,2,0.0,6.21,345.33,D,,40,0,0.06666666666666667
1594,30.0_75.0,1,INDUSTRIAL_HEAT_SOURCE_REFERENCE,GIHS,Unknown,639.2326328960644,,LOW,AUTO_MATCHED,TIER_B,,0,10,0.07013888888888889,3.19,333.62,D,,40,0,0.3333333333333333
1617,30.0_75.0,1,INDUSTRIAL_HEAT_SOURCE_REFERENCE,GIHS,Unknown,566.3760356940445,,LOW,AUTO_MATCHED,TIER_B,,0,12,0.07013888888888889,11.15,334.87,D,,40,0,0.4
1625,30.0_75.0,1,INDUSTRIAL_HEAT_SOURCE_REFERENCE,GIHS,Unknown,960.0712244253745,,LOW,AUTO_MATCHED,TIER_B,,0,12,0.07013888888888889,23.89,367.0,D,,40,0,0.4
1630,30.0_75.0,1,INDUSTRIAL_HEAT_SOURCE_REFERENCE,GIHS,Unknown,1042.6316605198515,,LOW,AUTO_MATCHED,TIER_B,,0,12,0.07013888888888889,11.15,367.0,D,,40,0,0.4
1727,30.0_75.0,1,INDUSTRIAL_HEAT_SOURCE_REFERENCE,GIHS,Unknown,923.9941996133605,,LOW,AUTO_MATCHED,TIER_B,,0,3,0.0,6.1,349.89,D,,40,0,0.1
1760,30.0_75.0,1,INDUSTRIAL_HEAT_SOURCE_REFERENCE,GIHS,Unknown,808.2789633556331,,LOW,AUTO_MATCHED,TIER_B,,0,3,0.0,5.58,339.5,D,,40,0,0.1
1959,30.0_75.5,0,AGRICULTURAL_BURNING_REFERENCE,PUNJAB_CROP,Unknown,35.36501107797236,4.634722222222222,HIGH,AUTO_MATCHED,TIER_A,,0,3,0.07013888888888889,5.76,346.82,D,,40,0,0.1
1981,30.0_75.5,0,AGRICULTURAL_BURNING_REFERENCE,PUNJAB_CROP,Unknown,953.7503542393581,4.634722222222222,HIGH,AUTO_MATCHED,TIER_A,,0,3,0.0,28.06,367.0,D,,40,0,0.1
1993,30.0_75.5,0,AGRICULTURAL_BURNING_REFERENCE,PUNJAB_CROP,Unknown,555.2380798699364,4.634722222222222,HIGH,AUTO_MATCHED,TIER_A,,0,5,0.07013888888888889,2.76,332.54,D,,40,0,0.16666666666666666
2014,30.0_75.5,0,AGRICULTURAL_BURNING_REFERENCE,PUNJAB_CROP,Unknown,1052.925283842547,4.634722222222222,HIGH,AUTO_MATCHED,TIER_A,,0,4,0.07013888888888889,9.52,367.0,D,,40,0,0.13333333333333333
2098,30.0_75.5,0,AGRICULTURAL_BURNING_REFERENCE,PUNJAB_CROP,Unknown,554.7350721754835,4.634722222222222,HIGH,AUTO_MATCHED,TIER_A,,0,5,0.0,2.88,332.1,D,,40,0,0.16666666666666666
2102,30.0_75.5,0,AGRICULTURAL_BURNING_REFERENCE,PUNJAB_CROP,Unknown,704.1210360634769,4.634722222222222,HIGH,AUTO_MATCHED,TIER_A,,0,5,0.0,3.96,343.19,D,,40,0,0.16666666666666666
2125,30.0_75.5,0,AGRICULTURAL_BURNING_REFERENCE,PUNJAB_CROP,Unknown,608.4901495709328,4.634722222222222,HIGH,AUTO_MATCHED,TIER_A,,0,3,0.0,4.82,334.63,D,,40,0,0.1
2151,30.0_75.5,0,AGRICULTURAL_BURNING_REFERENCE,PUNJAB_CROP,Unknown,776.3741044290047,4.634722222222222,HIGH,AUTO_MATCHED,TIER_A,,0,2,0.0,4.28,338.77,D,,40,0,0.06666666666666667
2285,30.0_75.5,0,AGRICULTURAL_BURNING_REFERENCE,PUNJAB_CROP,Unknown,65.67141584711112,4.634722222222222,HIGH,AUTO_MATCHED,TIER_A,,0,5,0.07013888888888889,4.62,343.21,D,,40,0,0.16666666666666666
2294,30.0_75.5,0,AGRICULTURAL_BURNING_REFERENCE,PUNJAB_CROP,Unknown,218.57994676665587,4.634722222222222,HIGH,AUTO_MATCHED,TIER_A,,0,6,0.07013888888888889,4.61,344.81,D,,40,0,0.2
2298,30.0_75.5,0,AGRICULTURAL_BURNING_REFERENCE,PUNJAB_CROP,Unknown,559.7123267800351,4.634722222222222,HIGH,AUTO_MATCHED,TIER_A,,0,5,0.07013888888888889,10.28,352.77,D,,40,0,0.16666666666666666
2308,30.0_75.5,0,AGRICULTURAL_BURNING_REFERENCE,PUNJAB_CROP,Unknown,556.7478420170886,4.634722222222222,HIGH,AUTO_MATCHED,TIER_A,,0,5,0.07013888888888889,10.04,353.41,D,,40,0,0.16666666666666666
2342,30.0_75.5,0,AGRICULTURAL_BURNING_REFERENCE,PUNJAB_CROP,Unknown,847.0611815632263,4.634722222222222,HIGH,AUTO_MATCHED,TIER_A,,0,3,0.07013888888888889,3.66,340.14,D,,40,0,0.1
2353,30.0_75.5,0,AGRICULTURAL_BURNING_REFERENCE,PUNJAB_CROP,Unknown,1015.643770232438,4.634722222222222,HIGH,AUTO_MATCHED,TIER_A,,0,3,0.07013888888888889,3.14,336.51,D,,40,0,0.1
3159,30.5_75.5,1,INDUSTRIAL_HEAT_SOURCE_REFERENCE,GIHS,Unknown,919.8960259265559,,LOW,AUTO_MATCHED,TIER_B,,0,1,0.0,2.53,330.36,D,,40,0,0.03333333333333333
3881,30.0_75.0,1,INDUSTRIAL_HEAT_SOURCE_REFERENCE,GIHS,Unknown,0.0,,HIGH,AUTO_MATCHED,TIER_A,,0,17,1.0569444444444445,6.02,341.55,D,,40,0,0.5666666666666667
3923,30.0_75.0,1,INDUSTRIAL_HEAT_SOURCE_REFERENCE,GIHS,Unknown,1102.6277995448388,,LOW,AUTO_MATCHED,TIER_B,,0,17,1.0569444444444445,8.53,342.04,D,,40,0,0.5666666666666667
4128,30.0_75.0,1,INDUSTRIAL_HEAT_SOURCE_REFERENCE,GIHS,Unknown,943.4381959448563,,LOW,AUTO_MATCHED,TIER_B,,0,2,0.0,2.57,339.24,D,,40,0,0.06666666666666667
4177,30.0_75.5,0,AGRICULTURAL_BURNING_REFERENCE,PUNJAB_CROP,Unknown,1066.0648220536918,3.6479166666666667,HIGH,AUTO_MATCHED,TIER_A,,0,5,1.0569444444444445,4.05,338.53,D,,40,0,0.16666666666666666
4204,30.0_75.5,0,AGRICULTURAL_BURNING_REFERENCE,PUNJAB_CROP,Unknown,1093.99877950692,3.6479166666666667,HIGH,AUTO_MATCHED,TIER_A,,0,5,1.0569444444444445,5.7,340.06,D,,40,0,0.16666666666666666
4207,30.0_75.5,0,AGRICULTURAL_BURNING_REFERENCE,PUNJAB_CROP,Unknown,711.7585523023178,3.6479166666666667,HIGH,AUTO_MATCHED,TIER_A,,0,8,1.0569444444444445,4.96,340.78,D,,40,0,0.26666666666666666
4360,30.0_75.5,0,AGRICULTURAL_BURNING_REFERENCE,PUNJAB_CROP,Unknown,286.2651045213255,3.6479166666666667,HIGH,AUTO_MATCHED,TIER_A,,0,3,0.9868055555555556,10.87,346.23,D,,40,0,0.1
4430,30.0_75.5,0,AGRICULTURAL_BURNING_REFERENCE,PUNJAB_CROP,Unknown,731.4915446966235,3.6479166666666667,HIGH,AUTO_MATCHED,TIER_A,,0,10,0.9868055555555556,5.51,349.71,D,,40,0,0.3333333333333333
4435,30.0_75.5,0,AGRICULTURAL_BURNING_REFERENCE,PUNJAB_CROP,Unknown,525.8130841269203,3.6479166666666667,HIGH,AUTO_MATCHED,TIER_A,,0,9,0.9868055555555556,8.89,342.35,D,,40,0,0.3
4444,30.0_75.5,0,AGRICULTURAL_BURNING_REFERENCE,PUNJAB_CROP,Unknown,894.2192712233632,3.6479166666666667,HIGH,AUTO_MATCHED,TIER_A,,0,8,0.9868055555555556,6.66,341.61,D,,40,0,0.26666666666666666
4447,30.0_75.5,0,AGRICULTURAL_BURNING_REFERENCE,PUNJAB_CROP,Unknown,570.4958659768139,3.6479166666666667,HIGH,AUTO_MATCHED,TIER_A,,0,10,1.0569444444444445,5.4,339.06,D,,40,0,0.3333333333333333
4533,30.0_75.5,0,AGRICULTURAL_BURNING_REFERENCE,PUNJAB_CROP,Unknown,309.35182979300924,3.6479166666666667,HIGH,AUTO_MATCHED,TIER_A,,0,3,1.0569444444444445,5.56,336.8,D,,40,0,0.1
4556,30.0_75.5,0,AGRICULTURAL_BURNING_REFERENCE,PUNJAB_CROP,Unknown,487.7794743068085,3.6479166666666667,HIGH,AUTO_MATCHED,TIER_A,,0,2,0.0,8.42,339.33,D,,40,0,0.06666666666666667
4557,30.0_75.5,0,AGRICULTURAL_BURNING_REFERENCE,PUNJAB_CROP,Unknown,410.52308898595163,3.6479166666666667,HIGH,AUTO_MATCHED,TIER_A,,0,2,0.0,7.78,331.31,D,,40,0,0.06666666666666667
4599,30.0_75.5,0,AGRICULTURAL_BURNING_REFERENCE,PUNJAB_CROP,Unknown,1092.732340183842,3.6479166666666667,HIGH,AUTO_MATCHED,TIER_A,,0,5,0.9868055555555556,11.17,348.39,D,,40,0,0.16666666666666666
4612,30.0_75.5,0,AGRICULTURAL_BURNING_REFERENCE,PUNJAB_CROP,Unknown,607.7748641137831,3.6479166666666667,HIGH,AUTO_MATCHED,TIER_A,,0,1,0.0,7.11,349.59,D,,40,0,0.03333333333333333
4619,30.0_75.5,0,AGRICULTURAL_BURNING_REFERENCE,PUNJAB_CROP,Unknown,321.8629139915167,3.6479166666666667,HIGH,AUTO_MATCHED,TIER_A,,0,3,0.0,2.17,335.93,D,,40,0,0.1
4638,30.0_75.5,0,AGRICULTURAL_BURNING_REFERENCE,PUNJAB_CROP,Unknown,60.66495426274309,3.6479166666666667,HIGH,AUTO_MATCHED,TIER_A,,0,3,0.0,2.17,338.06,D,,40,0,0.1
4655,30.0_75.5,0,AGRICULTURAL_BURNING_REFERENCE,PUNJAB_CROP,Unknown,921.0902005742046,3.6479166666666667,HIGH,AUTO_MATCHED,TIER_A,,0,10,1.0569444444444445,2.26,340.83,D,,40,0,0.3333333333333333
4720,30.0_75.5,0,AGRICULTURAL_BURNING_REFERENCE,PUNJAB_CROP,Unknown,789.7191084757101,3.6479166666666667,HIGH,AUTO_MATCHED,TIER_A,,0,4,0.9868055555555556,3.38,343.8,D,,40,0,0.13333333333333333
5153,30.5_75.5,1,INDUSTRIAL_HEAT_SOURCE_REFERENCE,GIHS,Unknown,583.256396755894,,LOW,AUTO_MATCHED,TIER_B,,0,10,1.0569444444444445,2.56,334.86,D,,40,0,0.3333333333333333
5177,30.5_75.5,1,INDUSTRIAL_HEAT_SOURCE_REFERENCE,GIHS,Unknown,179.10497234432654,,HIGH,AUTO_MATCHED,TIER_A,,0,8,1.0569444444444445,4.89,349.39,D,,40,0,0.26666666666666666
5185,30.5_75.5,1,INDUSTRIAL_HEAT_SOURCE_REFERENCE,GIHS,Unknown,560.9449723444619,,LOW,AUTO_MATCHED,TIER_B,,0,8,1.0569444444444445,3.93,337.35,D,,40,0,0.26666666666666666
5188,30.5_75.5,1,INDUSTRIAL_HEAT_SOURCE_REFERENCE,GIHS,Unknown,437.3135719284562,,HIGH,AUTO_MATCHED,TIER_A,,0,8,1.0569444444444445,2.81,333.59,D,,40,0,0.26666666666666666
5190,30.5_75.5,1,INDUSTRIAL_HEAT_SOURCE_REFERENCE,GIHS,Unknown,649.7449723442551,,LOW,AUTO_MATCHED,TIER_B,,0,8,1.0569444444444445,4.89,336.32,D,,40,0,0.26666666666666666
5195,30.5_75.5,1,INDUSTRIAL_HEAT_SOURCE_REFERENCE,GIHS,Unknown,617.5501970755874,,LOW,AUTO_MATCHED,TIER_B,,0,6,0.0,1.82,331.2,D,,40,0,0.2
6435,30.0_75.0,1,INDUSTRIAL_HEAT_SOURCE_REFERENCE,GIHS,Unknown,802.3951198429128,,LOW,AUTO_MATCHED,TIER_B,,0,18,2.04375,2.25,331.6,D,,40,0,0.6
6459,30.0_75.0,1,INDUSTRIAL_HEAT_SOURCE_REFERENCE,GIHS,Unknown,429.44263289611933,,HIGH,AUTO_MATCHED,TIER_A,,0,21,2.04375,2.25,335.78,D,,40,0,0.7
6719,30.0_75.0,1,INDUSTRIAL_HEAT_SOURCE_REFERENCE,GIHS,Unknown,1108.6589712736604,,LOW,AUTO_MATCHED,TIER_B,,0,4,0.9868055555555556,9.06,331.78,D,,40,0,0.13333333333333333
6853,30.0_75.5,0,AGRICULTURAL_BURNING_REFERENCE,PUNJAB_CROP,Unknown,919.1700420221576,2.661111111111111,HIGH,AUTO_MATCHED,TIER_A,,0,7,1.9736111111111112,1.55,333.16,D,,30,0,0.23333333333333334
6861,30.0_75.5,0,AGRICULTURAL_BURNING_REFERENCE,PUNJAB_CROP,Unknown,613.2380068284832,2.661111111111111,HIGH,AUTO_MATCHED,TIER_A,,0,6,2.04375,2.44,334.4,D,,40,0,0.2
6862,30.0_75.5,0,AGRICULTURAL_BURNING_REFERENCE,PUNJAB_CROP,Unknown,669.9215436918303,2.661111111111111,HIGH,AUTO_MATCHED,TIER_A,,0,6,2.04375,3.98,332.99,D,,40,0,0.2
6872,30.0_75.5,0,AGRICULTURAL_BURNING_REFERENCE,PUNJAB_CROP,Unknown,253.62814065174817,2.661111111111111,HIGH,AUTO_MATCHED,TIER_A,,0,7,0.9868055555555556,13.47,342.46,D,,40,0,0.23333333333333334
6873,30.0_75.5,0,AGRICULTURAL_BURNING_REFERENCE,PUNJAB_CROP,Unknown,200.114357019876,2.661111111111111,HIGH,AUTO_MATCHED,TIER_A,,0,7,0.9868055555555556,3.18,335.82,D,,40,0,0.23333333333333334
6874,30.0_75.5,0,AGRICULTURAL_BURNING_REFERENCE,PUNJAB_CROP,Unknown,619.0153125098074,2.661111111111111,HIGH,AUTO_MATCHED,TIER_A,,0,12,1.9736111111111112,12.99,343.1,D,,40,0,0.4
6876,30.0_75.5,0,AGRICULTURAL_BURNING_REFERENCE,PUNJAB_CROP,Unknown,548.5173664036357,2.661111111111111,HIGH,AUTO_MATCHED,TIER_A,,0,12,1.9736111111111112,6.21,347.51,D,,40,0,0.4
6885,30.0_75.5,0,AGRICULTURAL_BURNING_REFERENCE,PUNJAB_CROP,Unknown,1032.3479234983304,2.661111111111111,HIGH,AUTO_MATCHED,TIER_A,,0,9,1.9736111111111112,2.19,333.69,D,,40,0,0.3
6889,30.0_75.5,0,AGRICULTURAL_BURNING_REFERENCE,PUNJAB_CROP,Unknown,400.877669775358,2.661111111111111,HIGH,AUTO_MATCHED,TIER_A,,0,8,0.9868055555555556,2.14,334.52,D,,40,0,0.26666666666666666
6993,30.0_75.5,0,AGRICULTURAL_BURNING_REFERENCE,PUNJAB_CROP,Unknown,780.8415280901445,2.661111111111111,HIGH,AUTO_MATCHED,TIER_A,,0,5,0.9868055555555556,2.93,333.07,D,,40,0,0.16666666666666666
7010,30.0_75.5,0,AGRICULTURAL_BURNING_REFERENCE,PUNJAB_CROP,Unknown,572.9803315189947,2.661111111111111,HIGH,AUTO_MATCHED,TIER_A,,0,5,0.9868055555555556,4.44,333.35,D,,50,1,0.16666666666666666
7080,30.0_75.5,0,AGRICULTURAL_BURNING_REFERENCE,PUNJAB_CROP,Unknown,1099.8029616658707,2.661111111111111,HIGH,AUTO_MATCHED,TIER_A,,0,4,1.9736111111111112,16.6,340.73,D,,40,0,0.13333333333333333
7135,30.0_75.5,0,AGRICULTURAL_BURNING_REFERENCE,PUNJAB_CROP,Unknown,674.2792268103168,2.661111111111111,HIGH,AUTO_MATCHED,TIER_A,,0,4,2.04375,7.83,341.46,D,,50,1,0.13333333333333333
7236,30.0_75.5,0,AGRICULTURAL_BURNING_REFERENCE,PUNJAB_CROP,Unknown,577.1397343469176,2.661111111111111,HIGH,AUTO_MATCHED,TIER_A,,0,3,0.9868055555555556,2.95,337.3,D,,40,0,0.1
7322,30.0_75.5,0,AGRICULTURAL_BURNING_REFERENCE,PUNJAB_CROP,Unknown,397.41344241540935,2.661111111111111,HIGH,AUTO_MATCHED,TIER_A,,0,7,0.9868055555555556,3.23,333.3,D,,40,0,0.23333333333333334
7353,30.0_75.5,0,AGRICULTURAL_BURNING_REFERENCE,PUNJAB_CROP,Unknown,554.0040277489771,2.661111111111111,HIGH,AUTO_MATCHED,TIER_A,,0,5,0.9868055555555556,1.95,330.91,D,,40,0,0.16666666666666666
7354,30.0_75.5,0,AGRICULTURAL_BURNING_REFERENCE,PUNJAB_CROP,Unknown,335.4644747832851,2.661111111111111,HIGH,AUTO_MATCHED,TIER_A,,0,9,2.04375,4.2,337.41,D,,40,0,0.3
7357,30.0_75.5,0,AGRICULTURAL_BURNING_REFERENCE,PUNJAB_CROP,Unknown,1056.320131735698,2.661111111111111,HIGH,AUTO_MATCHED,TIER_A,,0,20,1.9736111111111112,5.82,334.48,D,,40,0,0.6666666666666666
7358,30.0_75.5,0,AGRICULTURAL_BURNING_REFERENCE,PUNJAB_CROP,Unknown,661.7942049357933,2.661111111111111,HIGH,AUTO_MATCHED,TIER_A,,0,10,2.04375,4.2,334.0,D,,50,1,0.3333333333333333
7362,30.0_75.5,0,AGRICULTURAL_BURNING_REFERENCE,PUNJAB_CROP,Unknown,619.4862779425147,2.661111111111111,HIGH,AUTO_MATCHED,TIER_A,,0,8,1.9736111111111112,8.56,343.92,D,,40,0,0.26666666666666666
7970,30.5_75.5,1,INDUSTRIAL_HEAT_SOURCE_REFERENCE,GIHS,Unknown,1045.1082978683326,,LOW,AUTO_MATCHED,TIER_B,,0,11,2.04375,1.84,332.27,D,,40,0,0.36666666666666664
8010,30.5_75.5,1,INDUSTRIAL_HEAT_SOURCE_REFERENCE,GIHS,Unknown,241.4627785027965,,HIGH,AUTO_MATCHED,TIER_A,,0,9,0.9868055555555556,4.67,341.41,D,,40,0,0.3
8715,30.5_75.5,1,INDUSTRIAL_HEAT_SOURCE_REFERENCE,GIHS,Unknown,0.0,,HIGH,AUTO_MATCHED,TIER_A,,0,2,2.4902777777777776,0.67,300.13,N,,50,1,0.06666666666666667
9304,30.0_75.0,1,INDUSTRIAL_HEAT_SOURCE_REFERENCE,GIHS,Unknown,883.7533757725257,,LOW,AUTO_MATCHED,TIER_B,,0,7,2.9604166666666667,5.38,343.18,D,,40,0,0.23333333333333334
9314,30.0_75.0,1,INDUSTRIAL_HEAT_SOURCE_REFERENCE,GIHS,Unknown,386.14684241369054,,HIGH,AUTO_MATCHED,TIER_A,,0,6,2.9604166666666667,4.32,330.36,D,,40,0,0.2
9563,30.0_75.5,0,AGRICULTURAL_BURNING_REFERENCE,PUNJAB_CROP,Unknown,358.60040593704525,1.6743055555555555,HIGH,AUTO_MATCHED,TIER_A,,0,6,1.9736111111111112,2.14,334.45,D,,30,0,0.2
9636,30.0_75.5,0,AGRICULTURAL_BURNING_REFERENCE,PUNJAB_CROP,Unknown,257.8226818002705,1.6743055555555555,HIGH,AUTO_MATCHED,TIER_A,,0,3,2.9604166666666667,3.57,338.64,D,,40,0,0.1
9777,30.0_75.5,0,AGRICULTURAL_BURNING_REFERENCE,PUNJAB_CROP,Unknown,166.9864897841949,1.6743055555555555,HIGH,AUTO_MATCHED,TIER_A,,0,11,3.0305555555555554,13.83,335.36,D,,40,0,0.36666666666666664
9786,30.0_75.5,0,AGRICULTURAL_BURNING_REFERENCE,PUNJAB_CROP,Unknown,154.55291753099485,1.6743055555555555,HIGH,AUTO_MATCHED,TIER_A,,0,12,3.0305555555555554,4.74,339.52,D,,40,0,0.4
9790,30.0_75.5,0,AGRICULTURAL_BURNING_REFERENCE,PUNJAB_CROP,Unknown,291.06188187772676,1.6743055555555555,HIGH,AUTO_MATCHED,TIER_A,,0,15,2.9604166666666667,4.55,331.6,D,,40,0,0.5
9791,30.0_75.5,0,AGRICULTURAL_BURNING_REFERENCE,PUNJAB_CROP,Unknown,636.3693659789831,1.6743055555555555,HIGH,AUTO_MATCHED,TIER_A,,0,13,3.0305555555555554,4.55,333.32,D,,40,0,0.43333333333333335
9798,30.0_75.5,0,AGRICULTURAL_BURNING_REFERENCE,PUNJAB_CROP,Unknown,970.0428680474615,1.6743055555555555,HIGH,AUTO_MATCHED,TIER_A,,0,10,3.0305555555555554,3.75,334.53,D,,40,0,0.3333333333333333
9799,30.0_75.5,0,AGRICULTURAL_BURNING_REFERENCE,PUNJAB_CROP,Unknown,672.6160284236681,1.6743055555555555,HIGH,AUTO_MATCHED,TIER_A,,0,14,3.0305555555555554,4.55,342.79,D,,40,0,0.4666666666666667
10205,30.5_75.5,1,INDUSTRIAL_HEAT_SOURCE_REFERENCE,GIHS,Unknown,200.12080778252894,,HIGH,AUTO_MATCHED,TIER_A,,0,15,3.0305555555555554,2.24,334.31,D,,40,0,0.5
10511,30.5_76.0,1,INDUSTRIAL_HEAT_SOURCE_REFERENCE,GIHS,Unknown,0.0,,HIGH,AUTO_MATCHED,TIER_A,,0,3,2.9604166666666667,3.7,336.84,D,,40,0,0.1
10826,30.0_75.0,1,INDUSTRIAL_HEAT_SOURCE_REFERENCE,GIHS,Unknown,713.0781935640506,,LOW,AUTO_MATCHED,TIER_B,,0,20,4.017361111111111,5.92,340.04,D,,40,0,0.6666666666666666
10875,30.0_75.0,1,INDUSTRIAL_HEAT_SOURCE_REFERENCE,GIHS,Unknown,782.5098926813429,,LOW,AUTO_MATCHED,TIER_B,,0,10,3.9472222222222224,3.54,337.25,D,,10,0,0.3333333333333333
10936,30.0_75.0,1,INDUSTRIAL_HEAT_SOURCE_REFERENCE,GIHS,Unknown,1095.944394967939,,LOW,AUTO_MATCHED,TIER_B,,0,10,2.9604166666666667,7.15,333.34,D,,40,0,0.3333333333333333
10937,30.0_75.0,1,INDUSTRIAL_HEAT_SOURCE_REFERENCE,GIHS,Unknown,792.1427271744309,,LOW,AUTO_MATCHED,TIER_B,,0,10,2.9604166666666667,10.28,340.7,D,,50,1,0.3333333333333333
10959,30.0_75.5,0,AGRICULTURAL_BURNING_REFERENCE,PUNJAB_CROP,Unknown,501.95068963262946,0.6875,HIGH,AUTO_MATCHED,TIER_A,,0,8,3.9472222222222224,4.95,340.69,D,,40,0,0.26666666666666666
10985,30.0_75.5,0,AGRICULTURAL_BURNING_REFERENCE,PUNJAB_CROP,Unknown,325.2621240744329,0.6875,HIGH,AUTO_MATCHED,TIER_A,,0,11,3.9472222222222224,30.58,339.85,D,,40,0,0.36666666666666664
10995,30.0_75.5,0,AGRICULTURAL_BURNING_REFERENCE,PUNJAB_CROP,Unknown,872.18529525464,0.6875,HIGH,AUTO_MATCHED,TIER_A,,0,7,4.017361111111111,2.98,330.31,D,,40,0,0.23333333333333334
11012,30.0_75.5,0,AGRICULTURAL_BURNING_REFERENCE,PUNJAB_CROP,Unknown,80.52064226741507,0.6875,HIGH,AUTO_MATCHED,TIER_A,,0,7,2.9604166666666667,3.59,335.29,D,,40,0,0.23333333333333334
11042,30.0_75.5,0,AGRICULTURAL_BURNING_REFERENCE,PUNJAB_CROP,Unknown,286.19067158588757,0.6875,HIGH,AUTO_MATCHED,TIER_A,,0,10,4.017361111111111,7.11,334.66,D,,40,0,0.3333333333333333
11051,30.0_75.5,0,AGRICULTURAL_BURNING_REFERENCE,PUNJAB_CROP,Unknown,116.13027965559813,0.6875,HIGH,AUTO_MATCHED,TIER_A,,0,7,4.017361111111111,7.11,346.9,D,,40,0,0.23333333333333334
11148,30.0_75.5,0,AGRICULTURAL_BURNING_REFERENCE,PUNJAB_CROP,Unknown,867.493483925356,0.6875,HIGH,AUTO_MATCHED,TIER_A,,0,12,3.9472222222222224,1.99,331.64,D,,40,0,0.4
11387,30.5_75.5,1,INDUSTRIAL_HEAT_SOURCE_REFERENCE,GIHS,Unknown,221.21080778251923,,HIGH,AUTO_MATCHED,TIER_A,,0,16,4.017361111111111,17.3,351.65,D,,40,0,0.5333333333333333
11890,30.0_75.5,0,AGRICULTURAL_BURNING_REFERENCE,PUNJAB_CROP,Unknown,863.9207757890231,0.3,HIGH,AUTO_MATCHED,TIER_A,,0,7,4.934722222222222,2.78,336.21,D,,40,0,0.23333333333333334
12508,30.0_75.0,1,INDUSTRIAL_HEAT_SOURCE_REFERENCE,GIHS,Unknown,129.38998849271707,,HIGH,AUTO_MATCHED,TIER_A,,0,26,5.074305555555555,3.37,331.55,D,,40,0,0.8666666666666667
12523,30.0_75.0,1,INDUSTRIAL_HEAT_SOURCE_REFERENCE,GIHS,Unknown,257.91779954464977,,HIGH,AUTO_MATCHED,TIER_A,,0,27,5.074305555555555,3.37,337.49,D,,40,0,0.9
12573,30.0_75.0,1,INDUSTRIAL_HEAT_SOURCE_REFERENCE,GIHS,Unknown,233.90785694243212,,HIGH,AUTO_MATCHED,TIER_A,,0,10,5.004166666666666,3.15,334.31,D,,50,1,0.3333333333333333
12663,30.0_75.5,0,AGRICULTURAL_BURNING_REFERENCE,PUNJAB_CROP,Unknown,383.8443761428591,0.36944444444444446,HIGH,AUTO_MATCHED,TIER_A,,0,10,5.074305555555555,3.62,344.75,D,,40,0,0.3333333333333333
12804,30.0_75.5,0,AGRICULTURAL_BURNING_REFERENCE,PUNJAB_CROP,Unknown,862.811008072996,0.36944444444444446,HIGH,AUTO_MATCHED,TIER_A,,0,3,3.0305555555555554,3.27,331.83,D,,50,1,0.1
12856,30.0_75.5,0,AGRICULTURAL_BURNING_REFERENCE,PUNJAB_CROP,Unknown,134.3734487642462,0.36944444444444446,HIGH,AUTO_MATCHED,TIER_A,,0,5,4.017361111111111,6.47,348.08,D,,10,0,0.16666666666666666
12861,30.0_75.5,0,AGRICULTURAL_BURNING_REFERENCE,PUNJAB_CROP,Unknown,165.33197349918362,0.36944444444444446,HIGH,AUTO_MATCHED,TIER_A,,0,6,4.017361111111111,5.59,340.26,D,,40,0,0.2
13197,30.5_75.5,1,INDUSTRIAL_HEAT_SOURCE_REFERENCE,GIHS,Unknown,1001.5187730913364,,LOW,AUTO_MATCHED,TIER_B,,0,11,5.004166666666666,3.89,335.19,D,,40,0,0.36666666666666664
13785,30.0_75.0,1,INDUSTRIAL_HEAT_SOURCE_REFERENCE,GIHS,Unknown,1009.5100158217997,,LOW,AUTO_MATCHED,TIER_B,,0,31,6.061111111111111,4.79,333.76,D,,40,0,1.0333333333333334
13786,30.0_75.0,1,INDUSTRIAL_HEAT_SOURCE_REFERENCE,GIHS,Unknown,477.57765313142215,,HIGH,AUTO_MATCHED,TIER_A,,0,34,6.061111111111111,4.79,339.5,D,,40,0,1.1333333333333333
13803,30.0_75.0,1,INDUSTRIAL_HEAT_SOURCE_REFERENCE,GIHS,Unknown,451.0577995450146,,HIGH,AUTO_MATCHED,TIER_A,,0,36,6.061111111111111,4.26,342.1,D,,40,0,1.2
13875,30.0_75.0,1,INDUSTRIAL_HEAT_SOURCE_REFERENCE,GIHS,Unknown,753.6492674668824,,LOW,AUTO_MATCHED,TIER_B,,0,12,5.990972222222222,13.47,340.97,D,,40,0,0.4
13970,30.0_75.5,0,AGRICULTURAL_BURNING_REFERENCE,PUNJAB_CROP,Unknown,468.50781236599676,1.35625,HIGH,AUTO_MATCHED,TIER_A,,0,5,5.990972222222222,12.32,342.42,D,,40,0,0.16666666666666666
14049,30.0_75.5,0,AGRICULTURAL_BURNING_REFERENCE,PUNJAB_CROP,Unknown,164.85788781954852,1.35625,HIGH,AUTO_MATCHED,TIER_A,,0,9,5.004166666666666,1.94,331.89,D,,40,0,0.3
14207,30.0_75.5,0,AGRICULTURAL_BURNING_REFERENCE,PUNJAB_CROP,Unknown,1089.5605131347531,1.35625,HIGH,AUTO_MATCHED,TIER_A,,0,22,6.061111111111111,4.55,339.79,D,,50,1,0.7333333333333333
15066,30.0_75.0,1,INDUSTRIAL_HEAT_SOURCE_REFERENCE,GIHS,Unknown,1007.9498136123084,,LOW,AUTO_MATCHED,TIER_B,,0,19,5.990972222222222,5.54,339.73,D,,40,0,0.6333333333333333
15099,30.0_75.5,0,AGRICULTURAL_BURNING_REFERENCE,PUNJAB_CROP,Unknown,772.2518242598416,2.3430555555555554,HIGH,AUTO_MATCHED,TIER_A,,0,15,6.977777777777778,9.54,346.35,D,,40,0,0.5
15195,30.0_75.5,0,AGRICULTURAL_BURNING_REFERENCE,PUNJAB_CROP,Unknown,548.7442907108534,2.3430555555555554,HIGH,AUTO_MATCHED,TIER_A,,0,11,6.977777777777778,6.62,334.59,D,,40,0,0.36666666666666664
15198,30.0_75.5,0,AGRICULTURAL_BURNING_REFERENCE,PUNJAB_CROP,Unknown,281.8033516048494,2.3430555555555554,HIGH,AUTO_MATCHED,TIER_A,,0,12,6.977777777777778,7.62,339.59,D,,40,0,0.4
15216,30.0_75.5,0,AGRICULTURAL_BURNING_REFERENCE,PUNJAB_CROP,Unknown,1079.4611077703864,2.3430555555555554,HIGH,AUTO_MATCHED,TIER_A,,0,6,6.977777777777778,3.74,334.19,D,,40,0,0.2
15230,30.0_75.5,0,AGRICULTURAL_BURNING_REFERENCE,PUNJAB_CROP,Unknown,129.12980539494663,2.3430555555555554,HIGH,AUTO_MATCHED,TIER_A,,0,10,7.047916666666667,3.56,330.64,D,,40,0,0.3333333333333333
15232,30.0_75.5,0,AGRICULTURAL_BURNING_REFERENCE,PUNJAB_CROP,Unknown,560.4121335329509,2.3430555555555554,HIGH,AUTO_MATCHED,TIER_A,,0,10,7.047916666666667,6.3,332.87,D,,30,0,0.3333333333333333
15846,30.0_75.0,1,INDUSTRIAL_HEAT_SOURCE_REFERENCE,GIHS,Unknown,791.3026328962223,,LOW,AUTO_MATCHED,TIER_B,,0,40,8.034722222222221,5.58,331.98,D,,40,0,1.3333333333333333
15900,30.0_75.0,1,INDUSTRIAL_HEAT_SOURCE_REFERENCE,GIHS,Unknown,1073.7187326507221,,LOW,AUTO_MATCHED,TIER_B,,0,19,7.964583333333334,9.36,346.23,D,,40,0,0.6333333333333333
16106,30.0_75.5,0,AGRICULTURAL_BURNING_REFERENCE,PUNJAB_CROP,Unknown,172.90551725639196,3.329861111111111,HIGH,AUTO_MATCHED,TIER_A,,0,13,8.034722222222221,5.47,346.56,D,,10,0,0.43333333333333335
16110,30.0_75.5,0,AGRICULTURAL_BURNING_REFERENCE,PUNJAB_CROP,Unknown,109.53835286005801,3.329861111111111,HIGH,AUTO_MATCHED,TIER_A,,0,12,8.034722222222221,2.32,330.41,D,,40,0,0.4
16114,30.0_75.5,0,AGRICULTURAL_BURNING_REFERENCE,PUNJAB_CROP,Unknown,553.0974811999307,3.329861111111111,HIGH,AUTO_MATCHED,TIER_A,,0,14,8.034722222222221,27.56,345.56,D,,30,0,0.4666666666666667
16138,30.0_75.5,0,AGRICULTURAL_BURNING_REFERENCE,PUNJAB_CROP,Unknown,771.5867411938996,3.329861111111111,HIGH,AUTO_MATCHED,TIER_A,,0,8,6.977777777777778,4.77,339.34,D,,40,0,0.26666666666666666
16368,30.5_75.5,1,INDUSTRIAL_HEAT_SOURCE_REFERENCE,GIHS,Unknown,984.4210992912862,,LOW,AUTO_MATCHED,TIER_B,,0,21,8.034722222222221,4.84,345.13,D,,40,0,0.7
17061,30.0_75.5,0,AGRICULTURAL_BURNING_REFERENCE,PUNJAB_CROP,Unknown,9.106489516432296,352.30069444444445,MEDIUM,AUTO_MATCHED,TIER_B,,0,1,0.0,6.85,355.76,D,,40,0,0.03333333333333333
17107,30.5_75.5,1,INDUSTRIAL_HEAT_SOURCE_REFERENCE,GIHS,Unknown,703.244068338974,,LOW,AUTO_MATCHED,TIER_B,,0,1,0.0,8.56,367.0,D,,40,0,0.03333333333333333
17202,30.0_75.0,1,INDUSTRIAL_HEAT_SOURCE_REFERENCE,GIHS,Unknown,956.0975801698744,,LOW,AUTO_MATCHED,TIER_B,,0,1,0.0,6.02,347.69,D,,60,0,0.03333333333333333
17293,30.5_75.5,1,INDUSTRIAL_HEAT_SOURCE_REFERENCE,GIHS,Unknown,790.4898516308593,,LOW,AUTO_MATCHED,TIER_B,,0,3,0.06944444444444445,18.25,367.0,D,,40,0,0.1
17295,30.5_75.5,1,INDUSTRIAL_HEAT_SOURCE_REFERENCE,GIHS,Unknown,501.88985163074307,,HIGH,AUTO_MATCHED,TIER_A,,0,3,0.06944444444444445,15.15,367.0,D,,40,0,0.1
17495,30.0_75.5,0,AGRICULTURAL_BURNING_REFERENCE,PUNJAB_CROP,Unknown,206.3922343936773,353.3569444444444,MEDIUM,AUTO_MATCHED,TIER_B,,0,1,0.0,5.94,339.4,D,,40,0,0.03333333333333333
17829,30.0_75.0,1,INDUSTRIAL_HEAT_SOURCE_REFERENCE,GIHS,Unknown,908.518295168622,,LOW,AUTO_MATCHED,TIER_B,,0,3,0.0,6.44,343.61,D,,40,0,0.1
17881,30.0_75.5,0,AGRICULTURAL_BURNING_REFERENCE,PUNJAB_CROP,Unknown,507.32166110068914,354.34444444444443,MEDIUM,AUTO_MATCHED,TIER_B,,0,2,2.04375,7.68,343.15,D,,40,0,0.06666666666666667
17917,30.0_75.5,0,AGRICULTURAL_BURNING_REFERENCE,PUNJAB_CROP,Unknown,794.344549926042,354.34444444444443,MEDIUM,AUTO_MATCHED,TIER_B,,0,2,0.9875,4.9,338.93,D,,40,0,0.06666666666666667
17920,30.0_75.5,0,AGRICULTURAL_BURNING_REFERENCE,PUNJAB_CROP,Unknown,380.6657918735963,354.34444444444443,MEDIUM,AUTO_MATCHED,TIER_B,,0,2,0.0,3.6,336.27,D,,40,0,0.06666666666666667
17928,30.0_75.5,0,AGRICULTURAL_BURNING_REFERENCE,PUNJAB_CROP,Unknown,656.9542304451633,354.34444444444443,MEDIUM,AUTO_MATCHED,TIER_B,,0,2,0.0,27.35,334.42,D,,40,0,0.06666666666666667
17953,30.0_75.5,0,AGRICULTURAL_BURNING_REFERENCE,PUNJAB_CROP,Unknown,563.8539160794423,354.34444444444443,MEDIUM,AUTO_MATCHED,TIER_B,,0,4,0.0,6.52,345.48,D,,40,0,0.13333333333333333
17957,30.0_75.5,0,AGRICULTURAL_BURNING_REFERENCE,PUNJAB_CROP,Unknown,180.90827478580837,354.34444444444443,MEDIUM,AUTO_MATCHED,TIER_B,,0,5,0.0,4.1,337.75,D,,40,0,0.16666666666666666
17958,30.0_75.5,0,AGRICULTURAL_BURNING_REFERENCE,PUNJAB_CROP,Unknown,482.0898367590578,354.34444444444443,MEDIUM,AUTO_MATCHED,TIER_B,,0,2,0.0,4.52,341.6,D,,40,0,0.06666666666666667
17962,30.0_75.5,0,AGRICULTURAL_BURNING_REFERENCE,PUNJAB_CROP,Unknown,706.6644206025171,354.34444444444443,MEDIUM,AUTO_MATCHED,TIER_B,,0,4,0.0,3.52,332.17,D,,40,0,0.13333333333333333
17963,30.0_75.5,0,AGRICULTURAL_BURNING_REFERENCE,PUNJAB_CROP,Unknown,220.26609534644976,354.34444444444443,MEDIUM,AUTO_MATCHED,TIER_B,,0,4,0.0,3.52,332.59,D,,40,0,0.13333333333333333
18110,30.5_75.5,1,INDUSTRIAL_HEAT_SOURCE_REFERENCE,GIHS,Unknown,743.5272104256936,,LOW,AUTO_MATCHED,TIER_B,,0,3,1.9743055555555555,11.88,341.81,D,,40,0,0.1
18252,30.5_75.5,1,INDUSTRIAL_HEAT_SOURCE_REFERENCE,GIHS,Unknown,0.0,,HIGH,AUTO_MATCHED,TIER_A,,0,1,0.0,0.61,300.37,N,,50,1,0.03333333333333333
18463,30.0_75.0,1,INDUSTRIAL_HEAT_SOURCE_REFERENCE,GIHS,Unknown,1075.4626328961124,,LOW,AUTO_MATCHED,TIER_B,,0,3,1.9743055555555555,1.5,330.34,D,,40,0,0.1
18571,30.0_75.5,0,AGRICULTURAL_BURNING_REFERENCE,PUNJAB_CROP,Unknown,972.994545819938,355.33125,MEDIUM,AUTO_MATCHED,TIER_B,,0,1,0.0,2.19,335.06,D,,40,0,0.03333333333333333
18574,30.0_75.5,0,AGRICULTURAL_BURNING_REFERENCE,PUNJAB_CROP,Unknown,558.5336612856665,355.33125,MEDIUM,AUTO_MATCHED,TIER_B,,0,3,3.0305555555555554,1.5,332.71,D,,40,0,0.1
18609,30.0_75.5,0,AGRICULTURAL_BURNING_REFERENCE,PUNJAB_CROP,Unknown,382.53100316660664,355.33125,MEDIUM,AUTO_MATCHED,TIER_B,,0,5,0.0,3.35,332.61,D,,40,0,0.16666666666666666
18632,30.0_75.5,0,AGRICULTURAL_BURNING_REFERENCE,PUNJAB_CROP,Unknown,956.3584965463787,355.33125,MEDIUM,AUTO_MATCHED,TIER_B,,0,5,1.9743055555555555,14.88,348.0,D,,40,0,0.16666666666666666
18640,30.0_75.5,0,AGRICULTURAL_BURNING_REFERENCE,PUNJAB_CROP,Unknown,1071.5856172587146,355.33125,MEDIUM,AUTO_MATCHED,TIER_B,,0,9,1.9743055555555555,10.16,345.66,D,,50,1,0.3
18642,30.0_75.5,0,AGRICULTURAL_BURNING_REFERENCE,PUNJAB_CROP,Unknown,596.2890286470655,355.33125,MEDIUM,AUTO_MATCHED,TIER_B,,0,3,1.9743055555555555,2.3,333.26,D,,40,0,0.1
18660,30.0_75.5,0,AGRICULTURAL_BURNING_REFERENCE,PUNJAB_CROP,Unknown,1049.8379047350932,355.33125,MEDIUM,AUTO_MATCHED,TIER_B,,0,7,1.9743055555555555,2.08,332.45,D,,40,0,0.23333333333333334
18668,30.0_75.5,0,AGRICULTURAL_BURNING_REFERENCE,PUNJAB_CROP,Unknown,332.0751344714069,355.33125,MEDIUM,AUTO_MATCHED,TIER_B,,0,3,0.9868055555555556,2.9,337.66,D,,40,0,0.1
18697,30.0_75.5,0,AGRICULTURAL_BURNING_REFERENCE,PUNJAB_CROP,Unknown,335.660645546759,355.33125,MEDIUM,AUTO_MATCHED,TIER_B,,0,5,0.0,3.08,334.45,D,,40,0,0.16666666666666666
18703,30.0_75.5,0,AGRICULTURAL_BURNING_REFERENCE,PUNJAB_CROP,Unknown,410.51272314350024,355.33125,MEDIUM,AUTO_MATCHED,TIER_B,,0,5,0.0,5.45,332.56,D,,40,0,0.16666666666666666
18705,30.0_75.5,0,AGRICULTURAL_BURNING_REFERENCE,PUNJAB_CROP,Unknown,803.9906561110438,355.33125,MEDIUM,AUTO_MATCHED,TIER_B,,0,5,0.0,5.4,333.48,D,,40,0,0.16666666666666666
18746,30.0_75.5,0,AGRICULTURAL_BURNING_REFERENCE,PUNJAB_CROP,Unknown,348.43592404861414,355.33125,MEDIUM,AUTO_MATCHED,TIER_B,,0,4,0.9868055555555556,2.85,331.93,D,,40,0,0.13333333333333333
18750,30.0_75.5,0,AGRICULTURAL_BURNING_REFERENCE,PUNJAB_CROP,Unknown,698.6173930885417,355.33125,MEDIUM,AUTO_MATCHED,TIER_B,,0,4,0.9868055555555556,2.56,331.82,D,,40,0,0.13333333333333333
18995,30.5_75.5,1,INDUSTRIAL_HEAT_SOURCE_REFERENCE,GIHS,Unknown,1063.259007846259,,LOW,AUTO_MATCHED,TIER_B,,0,5,3.0305555555555554,21.56,346.6,D,,40,0,0.16666666666666666
19525,30.0_75.5,0,AGRICULTURAL_BURNING_REFERENCE,PUNJAB_CROP,Unknown,960.8847709063323,356.31805555555553,MEDIUM,AUTO_MATCHED,TIER_B,,0,5,0.9868055555555556,2.37,335.48,D,,40,0,0.16666666666666666
19527,30.0_75.5,0,AGRICULTURAL_BURNING_REFERENCE,PUNJAB_CROP,Unknown,680.1061169986971,356.31805555555553,MEDIUM,AUTO_MATCHED,TIER_B,,0,5,0.9868055555555556,5.18,342.47,D,,40,0,0.16666666666666666
19528,30.0_75.5,0,AGRICULTURAL_BURNING_REFERENCE,PUNJAB_CROP,Unknown,703.7609047452158,356.31805555555553,MEDIUM,AUTO_MATCHED,TIER_B,,0,4,0.9868055555555556,3.45,343.75,D,,40,0,0.13333333333333333
19531,30.0_75.5,0,AGRICULTURAL_BURNING_REFERENCE,PUNJAB_CROP,Unknown,348.9959648825649,356.31805555555553,MEDIUM,AUTO_MATCHED,TIER_B,,0,3,4.017361111111111,6.83,340.86,D,,40,0,0.1
19545,30.0_75.5,0,AGRICULTURAL_BURNING_REFERENCE,PUNJAB_CROP,Unknown,519.1277413332823,356.31805555555553,MEDIUM,AUTO_MATCHED,TIER_B,,0,3,0.9868055555555556,30.87,351.41,D,,40,0,0.1
19546,30.0_75.5,0,AGRICULTURAL_BURNING_REFERENCE,PUNJAB_CROP,Unknown,280.4651938774921,356.31805555555553,MEDIUM,AUTO_MATCHED,TIER_B,,0,5,0.0,5.57,336.66,D,,40,0,0.16666666666666666
19549,30.0_75.5,0,AGRICULTURAL_BURNING_REFERENCE,PUNJAB_CROP,Unknown,520.8392310277005,356.31805555555553,MEDIUM,AUTO_MATCHED,TIER_B,,0,5,0.0,5.57,340.33,D,,50,1,0.16666666666666666
19550,30.0_75.5,0,AGRICULTURAL_BURNING_REFERENCE,PUNJAB_CROP,Unknown,403.84038167652915,356.31805555555553,MEDIUM,AUTO_MATCHED,TIER_B,,0,5,0.0,7.37,340.47,D,,40,0,0.16666666666666666
19570,30.0_75.5,0,AGRICULTURAL_BURNING_REFERENCE,PUNJAB_CROP,Unknown,923.8738253521313,356.31805555555553,MEDIUM,AUTO_MATCHED,TIER_B,,0,9,2.9611111111111112,4.71,341.56,D,,40,0,0.3
19605,30.0_75.5,0,AGRICULTURAL_BURNING_REFERENCE,PUNJAB_CROP,Unknown,405.35540403968145,356.31805555555553,MEDIUM,AUTO_MATCHED,TIER_B,,0,4,0.9868055555555556,2.84,339.64,D,,40,0,0.13333333333333333
19607,30.0_75.5,0,AGRICULTURAL_BURNING_REFERENCE,PUNJAB_CROP,Unknown,549.5634343033593,356.31805555555553,MEDIUM,AUTO_MATCHED,TIER_B,,0,4,0.9868055555555556,4.52,333.83,D,,40,0,0.13333333333333333
19650,30.0_75.5,0,AGRICULTURAL_BURNING_REFERENCE,PUNJAB_CROP,Unknown,282.70584597824114,356.31805555555553,MEDIUM,AUTO_MATCHED,TIER_B,,0,9,1.9736111111111112,12.48,344.93,D,,40,0,0.3
19652,30.0_75.5,0,AGRICULTURAL_BURNING_REFERENCE,PUNJAB_CROP,Unknown,377.1645105288421,356.31805555555553,MEDIUM,AUTO_MATCHED,TIER_B,,0,6,1.9736111111111112,7.25,333.54,D,,40,0,0.2
19653,30.0_75.5,0,AGRICULTURAL_BURNING_REFERENCE,PUNJAB_CROP,Unknown,5.332565020022297,356.31805555555553,MEDIUM,AUTO_MATCHED,TIER_B,,0,8,1.9736111111111112,7.25,342.6,D,,40,0,0.26666666666666666
19857,30.5_75.5,1,INDUSTRIAL_HEAT_SOURCE_REFERENCE,GIHS,Unknown,140.02985163063997,,HIGH,AUTO_MATCHED,TIER_A,,0,8,4.017361111111111,4.92,340.96,D,,40,0,0.26666666666666666
19860,30.5_75.5,1,INDUSTRIAL_HEAT_SOURCE_REFERENCE,GIHS,Unknown,615.3349723443747,,LOW,AUTO_MATCHED,TIER_B,,0,6,4.017361111111111,3.03,337.66,D,,40,0,0.2
20222,30.0_75.0,1,INDUSTRIAL_HEAT_SOURCE_REFERENCE,GIHS,Unknown,452.6659293781299,,HIGH,AUTO_MATCHED,TIER_A,,0,7,2.9604166666666667,2.97,331.83,D,,40,0,0.23333333333333334
20283,30.0_75.5,0,AGRICULTURAL_BURNING_REFERENCE,PUNJAB_CROP,Unknown,734.7644859732867,357.3048611111111,MEDIUM,AUTO_MATCHED,TIER_B,,0,6,1.9736111111111112,2.48,340.54,D,,40,0,0.2
20301,30.0_75.5,0,AGRICULTURAL_BURNING_REFERENCE,PUNJAB_CROP,Unknown,1032.0262219391159,357.3048611111111,MEDIUM,AUTO_MATCHED,TIER_B,,0,7,1.9736111111111112,4.04,335.57,D,,40,0,0.23333333333333334
20304,30.0_75.5,0,AGRICULTURAL_BURNING_REFERENCE,PUNJAB_CROP,Unknown,425.3829281964154,357.3048611111111,MEDIUM,AUTO_MATCHED,TIER_B,,0,6,1.9736111111111112,10.96,345.46,D,,40,0,0.2
20305,30.0_75.5,0,AGRICULTURAL_BURNING_REFERENCE,PUNJAB_CROP,Unknown,449.97648926605984,357.3048611111111,MEDIUM,AUTO_MATCHED,TIER_B,,0,6,1.9736111111111112,10.96,367.0,D,,40,0,0.2
20318,30.0_75.5,0,AGRICULTURAL_BURNING_REFERENCE,PUNJAB_CROP,Unknown,481.2952995409734,357.3048611111111,MEDIUM,AUTO_MATCHED,TIER_B,,0,10,1.9736111111111112,5.39,349.42,D,,40,0,0.3333333333333333
20319,30.0_75.5,0,AGRICULTURAL_BURNING_REFERENCE,PUNJAB_CROP,Unknown,567.2958977649656,357.3048611111111,MEDIUM,AUTO_MATCHED,TIER_B,,0,10,1.9736111111111112,3.79,349.88,D,,40,0,0.3333333333333333
20321,30.0_75.5,0,AGRICULTURAL_BURNING_REFERENCE,PUNJAB_CROP,Unknown,474.6390814514777,357.3048611111111,MEDIUM,AUTO_MATCHED,TIER_B,,0,8,1.9736111111111112,3.5,346.26,D,,40,0,0.26666666666666666
20322,30.0_75.5,0,AGRICULTURAL_BURNING_REFERENCE,PUNJAB_CROP,Unknown,637.5527305397482,357.3048611111111,MEDIUM,AUTO_MATCHED,TIER_B,,0,8,1.9736111111111112,3.31,335.34,D,,40,0,0.26666666666666666
20336,30.0_75.5,0,AGRICULTURAL_BURNING_REFERENCE,PUNJAB_CROP,Unknown,740.3596612892088,357.3048611111111,MEDIUM,AUTO_MATCHED,TIER_B,,0,12,3.9479166666666665,4.1,330.57,D,,50,1,0.4
20344,30.0_75.5,0,AGRICULTURAL_BURNING_REFERENCE,PUNJAB_CROP,Unknown,670.4112407690003,357.3048611111111,MEDIUM,AUTO_MATCHED,TIER_B,,0,5,2.9604166666666667,13.19,353.08,D,,40,0,0.16666666666666666
20345,30.0_75.5,0,AGRICULTURAL_BURNING_REFERENCE,PUNJAB_CROP,Unknown,861.34705435124,357.3048611111111,MEDIUM,AUTO_MATCHED,TIER_B,,0,5,2.9604166666666667,16.78,367.0,D,,40,0,0.16666666666666666
20366,30.0_75.5,0,AGRICULTURAL_BURNING_REFERENCE,PUNJAB_CROP,Unknown,932.0970588851065,357.3048611111111,MEDIUM,AUTO_MATCHED,TIER_B,,0,6,1.9736111111111112,2.85,340.54,D,,40,0,0.2
20372,30.0_75.5,0,AGRICULTURAL_BURNING_REFERENCE,PUNJAB_CROP,Unknown,647.0378003237462,357.3048611111111,MEDIUM,AUTO_MATCHED,TIER_B,,0,5,1.9736111111111112,3.38,342.32,D,,80,0,0.16666666666666666
20788,30.0_75.0,1,INDUSTRIAL_HEAT_SOURCE_REFERENCE,GIHS,Unknown,808.3895417897909,,LOW,AUTO_MATCHED,TIER_B,,0,4,4.018055555555556,8.59,335.78,D,,40,0,0.13333333333333333
21086,30.0_75.5,0,AGRICULTURAL_BURNING_REFERENCE,PUNJAB_CROP,Unknown,636.2875117512588,358.2923611111111,MEDIUM,AUTO_MATCHED,TIER_B,,0,5,4.935416666666667,10.23,332.33,D,,40,0,0.16666666666666666
21087,30.0_75.5,0,AGRICULTURAL_BURNING_REFERENCE,PUNJAB_CROP,Unknown,540.2861311824971,358.2923611111111,MEDIUM,AUTO_MATCHED,TIER_B,,0,4,4.935416666666667,7.59,347.97,D,,40,0,0.13333333333333333
21110,30.0_75.5,0,AGRICULTURAL_BURNING_REFERENCE,PUNJAB_CROP,Unknown,415.12637789794616,358.2923611111111,MEDIUM,AUTO_MATCHED,TIER_B,,0,4,1.9743055555555555,5.51,344.57,D,,40,0,0.13333333333333333
21111,30.0_75.5,0,AGRICULTURAL_BURNING_REFERENCE,PUNJAB_CROP,Unknown,631.1268697773592,358.2923611111111,MEDIUM,AUTO_MATCHED,TIER_B,,0,3,1.9743055555555555,8.06,336.41,D,,40,0,0.1
21687,30.0_75.5,0,AGRICULTURAL_BURNING_REFERENCE,PUNJAB_CROP,Unknown,923.2544196188794,358.3618055555556,MEDIUM,AUTO_MATCHED,TIER_B,,0,5,4.017361111111111,2.76,334.89,D,,50,1,0.16666666666666666
21704,30.0_75.5,0,AGRICULTURAL_BURNING_REFERENCE,PUNJAB_CROP,Unknown,500.07034306904785,358.3618055555556,MEDIUM,AUTO_MATCHED,TIER_B,,0,10,5.991666666666666,10.31,367.0,D,,40,0,0.3333333333333333
21750,30.0_75.5,0,AGRICULTURAL_BURNING_REFERENCE,PUNJAB_CROP,Unknown,137.74886307483155,358.3618055555556,MEDIUM,AUTO_MATCHED,TIER_B,,0,8,3.0305555555555554,3.91,352.49,D,,40,0,0.26666666666666666
21785,30.0_75.5,0,AGRICULTURAL_BURNING_REFERENCE,PUNJAB_CROP,Unknown,158.36512674979355,358.3618055555556,MEDIUM,AUTO_MATCHED,TIER_B,,0,11,5.004861111111111,6.55,367.0,D,,40,0,0.36666666666666664
21877,30.0_75.5,0,AGRICULTURAL_BURNING_REFERENCE,PUNJAB_CROP,Unknown,696.2592910690892,358.3618055555556,MEDIUM,AUTO_MATCHED,TIER_B,,0,4,4.017361111111111,3.1,342.92,D,,40,0,0.13333333333333333
21887,30.0_75.5,0,AGRICULTURAL_BURNING_REFERENCE,PUNJAB_CROP,Unknown,841.2496753391666,358.3618055555556,MEDIUM,AUTO_MATCHED,TIER_B,,0,5,3.0305555555555554,6.12,356.09,D,,40,0,0.16666666666666666
21901,30.0_75.5,0,AGRICULTURAL_BURNING_REFERENCE,PUNJAB_CROP,Unknown,1056.2301338708774,358.3618055555556,MEDIUM,AUTO_MATCHED,TIER_B,,0,11,5.004861111111111,10.1,355.05,D,,40,0,0.36666666666666664
21902,30.0_75.5,0,AGRICULTURAL_BURNING_REFERENCE,PUNJAB_CROP,Unknown,666.3601834548117,358.3618055555556,MEDIUM,AUTO_MATCHED,TIER_B,,0,10,3.0305555555555554,16.09,367.0,D,,40,0,0.3333333333333333
21908,30.0_75.5,0,AGRICULTURAL_BURNING_REFERENCE,PUNJAB_CROP,Unknown,822.2305016162289,358.3618055555556,MEDIUM,AUTO_MATCHED,TIER_B,,0,12,5.004861111111111,10.1,367.0,D,,40,0,0.4
21911,30.0_75.5,0,AGRICULTURAL_BURNING_REFERENCE,PUNJAB_CROP,Unknown,731.6093216856896,358.3618055555556,MEDIUM,AUTO_MATCHED,TIER_B,,0,12,3.0305555555555554,4.26,331.19,D,,40,0,0.4
22384,18.5_73.0,1,INDUSTRIAL_HEAT_SOURCE_REFERENCE,GIHS,Unknown,541.5887840568085,,HIGH,AUTO_MATCHED,TIER_A,,0,1,0.0,4.15,337.86,D,,10,0,0.03333333333333333
22386,18.5_73.0,1,INDUSTRIAL_HEAT_SOURCE_REFERENCE,GIHS,Unknown,0.0,,HIGH,AUTO_MATCHED,TIER_A,,0,1,0.0,7.09,340.82,D,,60,0,0.03333333333333333
22389,18.5_72.5,1,INDUSTRIAL_HEAT_SOURCE_REFERENCE,GIHS,Unknown,158.61289435422344,,HIGH,AUTO_MATCHED,TIER_A,,0,2,0.0,1.13,335.98,D,,30,0,0.06666666666666667
22390,18.5_72.5,1,INDUSTRIAL_HEAT_SOURCE_REFERENCE,GIHS,Unknown,0.0,,HIGH,AUTO_MATCHED,TIER_A,,0,2,0.0,3.01,336.53,D,,30,0,0.06666666666666667
22395,19.0_72.5,1,INDUSTRIAL_HEAT_SOURCE_REFERENCE,GIHS,Unknown,0.0,,HIGH,AUTO_MATCHED,TIER_A,,0,2,0.0,2.93,336.1,D,,60,0,0.06666666666666667
22396,19.0_72.5,1,INDUSTRIAL_HEAT_SOURCE_REFERENCE,GIHS,Unknown,0.0,,HIGH,AUTO_MATCHED,TIER_A,,0,2,0.0,1.97,335.91,D,,50,1,0.06666666666666667
22424,21.0_72.5,1,INDUSTRIAL_HEAT_SOURCE_REFERENCE,GIHS,Unknown,0.0,,HIGH,AUTO_MATCHED,TIER_A,,0,1,0.0,8.0,342.47,D,,50,1,0.03333333333333333
22446,18.5_73.0,1,INDUSTRIAL_HEAT_SOURCE_REFERENCE,GIHS,Unknown,0.0,,HIGH,AUTO_MATCHED,TIER_A,,0,6,0.5208333333333334,1.77,326.86,N,,60,0,0.2
22447,18.5_73.0,1,INDUSTRIAL_HEAT_SOURCE_REFERENCE,GIHS,Unknown,0.0,,HIGH,AUTO_MATCHED,TIER_A,,0,6,0.5208333333333334,1.77,303.9,N,,50,1,0.2
22449,18.5_73.0,1,INDUSTRIAL_HEAT_SOURCE_REFERENCE,GIHS,Unknown,0.0,,HIGH,AUTO_MATCHED,TIER_A,,0,6,0.5208333333333334,1.77,321.19,N,,50,1,0.2
22450,18.5_73.0,1,INDUSTRIAL_HEAT_SOURCE_REFERENCE,GIHS,Unknown,0.0,,HIGH,AUTO_MATCHED,TIER_A,,0,6,0.5208333333333334,1.88,307.38,N,,60,0,0.2
22451,18.5_73.0,1,INDUSTRIAL_HEAT_SOURCE_REFERENCE,GIHS,Unknown,0.0,,HIGH,AUTO_MATCHED,TIER_A,,0,6,0.5208333333333334,1.37,307.24,N,,50,1,0.2
22454,19.0_72.5,1,INDUSTRIAL_HEAT_SOURCE_REFERENCE,GIHS,Unknown,0.0,,HIGH,AUTO_MATCHED,TIER_A,,0,3,0.5208333333333334,1.61,310.96,N,,50,1,0.1
22455,19.0_73.0,1,INDUSTRIAL_HEAT_SOURCE_REFERENCE,GIHS,Unknown,0.0,,HIGH,AUTO_MATCHED,TIER_A,,0,1,0.0,0.61,304.0,N,,10,0,0.03333333333333333
22475,20.5_70.5,1,INDUSTRIAL_HEAT_SOURCE_REFERENCE,GIHS,Unknown,0.0,,HIGH,AUTO_MATCHED,TIER_A,,0,1,0.0,1.18,307.86,N,,50,1,0.03333333333333333
22476,20.5_71.0,1,INDUSTRIAL_HEAT_SOURCE_REFERENCE,GIHS,Unknown,0.0,,HIGH,AUTO_MATCHED,TIER_A,,0,1,0.0,1.56,312.6,N,,50,1,0.03333333333333333
22478,21.0_72.5,1,INDUSTRIAL_HEAT_SOURCE_REFERENCE,GIHS,Unknown,0.0,,HIGH,AUTO_MATCHED,TIER_A,,0,6,0.5201388888888889,0.91,305.0,N,,10,0,0.2
22479,21.0_72.5,1,INDUSTRIAL_HEAT_SOURCE_REFERENCE,GIHS,Unknown,0.0,,HIGH,AUTO_MATCHED,TIER_A,,0,9,0.5201388888888889,4.1,305.54,N,,50,1,0.3
22480,21.0_72.5,1,INDUSTRIAL_HEAT_SOURCE_REFERENCE,GIHS,Unknown,0.0,,HIGH,AUTO_MATCHED,TIER_A,,0,8,0.5201388888888889,1.34,305.19,N,,60,0,0.26666666666666666
22481,21.0_72.5,1,INDUSTRIAL_HEAT_SOURCE_REFERENCE,GIHS,Unknown,0.0,,HIGH,AUTO_MATCHED,TIER_A,,0,8,0.5201388888888889,11.53,332.14,N,,60,0,0.26666666666666666
22482,21.0_72.5,1,INDUSTRIAL_HEAT_SOURCE_REFERENCE,GIHS,Unknown,0.0,,HIGH,AUTO_MATCHED,TIER_A,,0,9,0.5201388888888889,4.1,338.73,N,,50,1,0.3
22483,21.0_72.5,1,INDUSTRIAL_HEAT_SOURCE_REFERENCE,GIHS,Unknown,0.0,,HIGH,AUTO_MATCHED,TIER_A,,0,9,0.5201388888888889,11.53,314.57,N,,50,1,0.3
22484,21.0_72.5,1,INDUSTRIAL_HEAT_SOURCE_REFERENCE,GIHS,Unknown,0.0,,HIGH,AUTO_MATCHED,TIER_A,,0,8,0.5201388888888889,11.53,324.98,N,,60,0,0.26666666666666666
22485,21.0_72.5,1,INDUSTRIAL_HEAT_SOURCE_REFERENCE,GIHS,Unknown,0.0,,HIGH,AUTO_MATCHED,TIER_A,,0,9,0.5201388888888889,1.55,311.41,N,,50,1,0.3
22487,21.0_72.5,1,INDUSTRIAL_HEAT_SOURCE_REFERENCE,GIHS,Unknown,0.0,,HIGH,AUTO_MATCHED,TIER_A,,0,1,0.0,3.29,329.92,N,,10,0,0.03333333333333333
22490,21.5_72.5,1,INDUSTRIAL_HEAT_SOURCE_REFERENCE,GIHS,Unknown,0.0,,HIGH,AUTO_MATCHED,TIER_A,,0,2,0.0,0.71,318.39,N,,40,0,0.06666666666666667
22491,21.5_72.5,1,INDUSTRIAL_HEAT_SOURCE_REFERENCE,GIHS,Unknown,0.0,,HIGH,AUTO_MATCHED,TIER_A,,0,2,0.0,0.71,306.31,N,,40,0,0.06666666666666667
22523,18.5_73.0,1,INDUSTRIAL_HEAT_SOURCE_REFERENCE,GIHS,Unknown,0.0,,HIGH,AUTO_MATCHED,TIER_A,,0,8,0.9868055555555556,2.98,335.65,D,,50,1,0.26666666666666666
22524,18.5_73.0,1,INDUSTRIAL_HEAT_SOURCE_REFERENCE,GIHS,Unknown,0.0,,HIGH,AUTO_MATCHED,TIER_A,,0,8,0.9868055555555556,2.98,337.79,D,,10,0,0.26666666666666666
22545,21.0_72.5,1,INDUSTRIAL_HEAT_SOURCE_REFERENCE,GIHS,Unknown,0.0,,HIGH,AUTO_MATCHED,TIER_A,,0,12,0.9868055555555556,10.12,347.22,D,,50,1,0.4
22546,21.0_72.5,1,INDUSTRIAL_HEAT_SOURCE_REFERENCE,GIHS,Unknown,0.0,,HIGH,AUTO_MATCHED,TIER_A,,0,12,0.9868055555555556,5.87,343.71,D,,50,1,0.4
22547,21.0_72.5,1,INDUSTRIAL_HEAT_SOURCE_REFERENCE,GIHS,Unknown,0.0,,HIGH,AUTO_MATCHED,TIER_A,,0,11,0.9868055555555556,5.87,346.94,D,,60,0,0.36666666666666664
22557,21.5_72.5,1,INDUSTRIAL_HEAT_SOURCE_REFERENCE,GIHS,Unknown,0.0,,HIGH,AUTO_MATCHED,TIER_A,,0,3,0.4666666666666667,2.68,337.14,D,,40,0,0.1
22558,21.5_72.5,1,INDUSTRIAL_HEAT_SOURCE_REFERENCE,GIHS,Unknown,882.4499795356502,,LOW,AUTO_MATCHED,TIER_B,,0,1,0.0,5.52,345.68,D,,30,0,0.03333333333333333
22562,19.5_73.5,1,INDUSTRIAL_HEAT_SOURCE_REFERENCE,GIHS,Unknown,0.0,,HIGH,AUTO_MATCHED,TIER_A,,0,1,0.0,0.75,306.53,N,,60,0,0.03333333333333333
22563,20.5_71.0,1,INDUSTRIAL_HEAT_SOURCE_REFERENCE,GIHS,Unknown,0.0,,HIGH,AUTO_MATCHED,TIER_A,,0,2,0.9868055555555556,2.1,310.28,N,,50,1,0.06666666666666667
22564,21.0_72.5,1,INDUSTRIAL_HEAT_SOURCE_REFERENCE,GIHS,Unknown,0.0,,HIGH,AUTO_MATCHED,TIER_A,,0,17,1.5069444444444444,4.5,309.36,N,,50,1,0.5666666666666667
22565,21.0_72.5,1,INDUSTRIAL_HEAT_SOURCE_REFERENCE,GIHS,Unknown,0.0,,HIGH,AUTO_MATCHED,TIER_A,,0,17,1.5069444444444444,4.5,334.09,N,,10,0,0.5666666666666667
22566,21.0_72.5,1,INDUSTRIAL_HEAT_SOURCE_REFERENCE,GIHS,Unknown,0.0,,HIGH,AUTO_MATCHED,TIER_A,,0,17,1.5069444444444444,3.75,330.12,N,,50,1,0.5666666666666667
22567,21.0_72.5,1,INDUSTRIAL_HEAT_SOURCE_REFERENCE,GIHS,Unknown,0.0,,HIGH,AUTO_MATCHED,TIER_A,,0,17,1.5069444444444444,1.39,307.06,N,,60,0,0.5666666666666667
22568,21.0_72.5,1,INDUSTRIAL_HEAT_SOURCE_REFERENCE,GIHS,Unknown,0.0,,HIGH,AUTO_MATCHED,TIER_A,,0,17,1.5069444444444444,1.39,313.37,N,,50,1,0.5666666666666667
22569,21.0_72.5,1,INDUSTRIAL_HEAT_SOURCE_REFERENCE,GIHS,Unknown,0.0,,HIGH,AUTO_MATCHED,TIER_A,,0,2,0.9868055555555556,1.89,325.07,N,,10,0,0.06666666666666667
22576,21.5_72.5,1,INDUSTRIAL_HEAT_SOURCE_REFERENCE,GIHS,Unknown,0.0,,HIGH,AUTO_MATCHED,TIER_A,,0,5,0.9868055555555556,1.09,314.16,N,,40,0,0.16666666666666666
22577,21.5_72.5,1,INDUSTRIAL_HEAT_SOURCE_REFERENCE,GIHS,Unknown,0.0,,HIGH,AUTO_MATCHED,TIER_A,,0,5,0.9868055555555556,1.37,321.31,N,,40,0,0.16666666666666666
22597,18.5_73.0,1,INDUSTRIAL_HEAT_SOURCE_REFERENCE,GIHS,Unknown,0.0,,HIGH,AUTO_MATCHED,TIER_A,,0,17,1.5083333333333333,0.98,307.36,N,,50,1,0.5666666666666667
22598,18.5_73.0,1,INDUSTRIAL_HEAT_SOURCE_REFERENCE,GIHS,Unknown,0.0,,HIGH,AUTO_MATCHED,TIER_A,,0,17,1.5083333333333333,1.54,305.51,N,,50,1,0.5666666666666667
22599,18.5_73.0,1,INDUSTRIAL_HEAT_SOURCE_REFERENCE,GIHS,Unknown,0.0,,HIGH,AUTO_MATCHED,TIER_A,,0,17,1.5083333333333333,0.98,310.73,N,,50,1,0.5666666666666667
22600,18.5_73.0,1,INDUSTRIAL_HEAT_SOURCE_REFERENCE,GIHS,Unknown,0.0,,HIGH,AUTO_MATCHED,TIER_A,,0,17,1.5083333333333333,0.98,312.17,N,,50,1,0.5666666666666667
22601,18.5_73.0,1,INDUSTRIAL_HEAT_SOURCE_REFERENCE,GIHS,Unknown,0.0,,HIGH,AUTO_MATCHED,TIER_A,,0,16,1.5083333333333333,1.54,315.7,N,,60,0,0.5333333333333333
22602,18.5_73.0,1,INDUSTRIAL_HEAT_SOURCE_REFERENCE,GIHS,Unknown,0.0,,HIGH,AUTO_MATCHED,TIER_A,,0,16,1.5083333333333333,1.14,309.06,N,,50,1,0.5333333333333333
22603,18.5_73.0,1,INDUSTRIAL_HEAT_SOURCE_REFERENCE,GIHS,Unknown,0.0,,HIGH,AUTO_MATCHED,TIER_A,,0,16,1.5083333333333333,1.14,308.95,N,,10,0,0.5333333333333333
22606,18.5_73.0,1,INDUSTRIAL_HEAT_SOURCE_REFERENCE,GIHS,Unknown,0.0,,HIGH,AUTO_MATCHED,TIER_A,,0,16,1.5083333333333333,1.32,305.2,N,,50,1,0.5333333333333333
22611,19.0_73.0,1,INDUSTRIAL_HEAT_SOURCE_REFERENCE,GIHS,Unknown,0.0,,HIGH,AUTO_MATCHED,TIER_A,,0,2,0.9875,1.3,305.02,N,,10,0,0.06666666666666667
22652,21.0_72.5,1,INDUSTRIAL_HEAT_SOURCE_REFERENCE,GIHS,Unknown,0.0,,HIGH,AUTO_MATCHED,TIER_A,,0,18,1.9736111111111112,13.71,340.53,D,,50,1,0.6
22668,20.5_71.0,1,INDUSTRIAL_HEAT_SOURCE_REFERENCE,GIHS,Unknown,0.0,,HIGH,AUTO_MATCHED,TIER_A,,0,3,1.9736111111111112,1.36,308.36,N,,50,1,0.1
22670,21.0_72.5,1,INDUSTRIAL_HEAT_SOURCE_REFERENCE,GIHS,Unknown,0.0,,HIGH,AUTO_MATCHED,TIER_A,,0,21,2.49375,4.65,325.32,N,,50,1,0.7
22671,21.0_72.5,1,INDUSTRIAL_HEAT_SOURCE_REFERENCE,GIHS,Unknown,0.0,,HIGH,AUTO_MATCHED,TIER_A,,0,20,2.49375,1.73,316.97,N,,60,0,0.6666666666666666
22672,21.0_72.5,1,INDUSTRIAL_HEAT_SOURCE_REFERENCE,GIHS,Unknown,0.0,,HIGH,AUTO_MATCHED,TIER_A,,0,21,2.49375,2.86,303.96,N,,50,1,0.7
22673,21.0_72.5,1,INDUSTRIAL_HEAT_SOURCE_REFERENCE,GIHS,Unknown,0.0,,HIGH,AUTO_MATCHED,TIER_A,,0,3,1.9736111111111112,1.87,332.09,N,,10,0,0.1
22694,18.5_73.0,1,INDUSTRIAL_HEAT_SOURCE_REFERENCE,GIHS,Unknown,0.0,,HIGH,AUTO_MATCHED,TIER_A,,0,22,2.495138888888889,2.35,315.76,N,,50,1,0.7333333333333333
22695,18.5_73.0,1,INDUSTRIAL_HEAT_SOURCE_REFERENCE,GIHS,Unknown,0.0,,HIGH,AUTO_MATCHED,TIER_A,,0,22,2.495138888888889,2.31,308.67,N,,50,1,0.7333333333333333
22696,18.5_73.0,1,INDUSTRIAL_HEAT_SOURCE_REFERENCE,GIHS,Unknown,0.0,,HIGH,AUTO_MATCHED,TIER_A,,0,22,2.495138888888889,2.31,311.6,N,,50,1,0.7333333333333333
22697,18.5_73.0,1,INDUSTRIAL_HEAT_SOURCE_REFERENCE,GIHS,Unknown,0.0,,HIGH,AUTO_MATCHED,TIER_A,,0,21,2.495138888888889,2.19,305.04,N,,50,1,0.7
22698,18.5_73.0,1,INDUSTRIAL_HEAT_SOURCE_REFERENCE,GIHS,Unknown,0.0,,HIGH,AUTO_MATCHED,TIER_A,,0,21,2.495138888888889,3.51,316.91,N,,50,1,0.7
22701,19.0_72.5,1,INDUSTRIAL_HEAT_SOURCE_REFERENCE,GIHS,Unknown,0.0,,HIGH,AUTO_MATCHED,TIER_A,,0,4,2.495138888888889,2.63,309.73,N,,50,1,0.13333333333333333
22735,21.0_72.5,1,INDUSTRIAL_HEAT_SOURCE_REFERENCE,GIHS,Unknown,0.0,,HIGH,AUTO_MATCHED,TIER_A,,0,23,2.9604166666666667,10.12,346.47,D,,50,1,0.7666666666666667
22736,21.0_72.5,1,INDUSTRIAL_HEAT_SOURCE_REFERENCE,GIHS,Unknown,0.0,,HIGH,AUTO_MATCHED,TIER_A,,0,23,2.9604166666666667,9.25,336.53,D,,50,1,0.7666666666666667
22786,21.0_72.5,1,INDUSTRIAL_HEAT_SOURCE_REFERENCE,GIHS,Unknown,0.0,,HIGH,AUTO_MATCHED,TIER_A,,0,25,3.0305555555555554,4.96,350.05,D,,60,0,0.8333333333333334
22787,21.0_72.5,1,INDUSTRIAL_HEAT_SOURCE_REFERENCE,GIHS,Unknown,0.0,,HIGH,AUTO_MATCHED,TIER_A,,0,26,3.0305555555555554,9.93,335.19,D,,50,1,0.8666666666666667
22788,21.0_72.5,1,INDUSTRIAL_HEAT_SOURCE_REFERENCE,GIHS,Unknown,0.0,,HIGH,AUTO_MATCHED,TIER_A,,0,26,3.0305555555555554,8.47,337.83,D,,50,1,0.8666666666666667
22792,21.0_72.5,1,INDUSTRIAL_HEAT_SOURCE_REFERENCE,GIHS,Unknown,0.0,,HIGH,AUTO_MATCHED,TIER_A,,0,4,2.5104166666666665,1.07,340.43,D,,10,0,0.13333333333333333
22812,21.0_72.5,1,INDUSTRIAL_HEAT_SOURCE_REFERENCE,GIHS,Unknown,0.0,,HIGH,AUTO_MATCHED,TIER_A,,0,32,3.4805555555555556,5.65,331.14,N,,50,1,1.0666666666666667
22813,21.0_72.5,1,INDUSTRIAL_HEAT_SOURCE_REFERENCE,GIHS,Unknown,0.0,,HIGH,AUTO_MATCHED,TIER_A,,0,32,3.4805555555555556,5.36,331.41,N,,50,1,1.0666666666666667
22814,21.0_72.5,1,INDUSTRIAL_HEAT_SOURCE_REFERENCE,GIHS,Unknown,0.0,,HIGH,AUTO_MATCHED,TIER_A,,0,32,3.4805555555555556,2.14,318.41,N,,50,1,1.0666666666666667
22815,21.0_72.5,1,INDUSTRIAL_HEAT_SOURCE_REFERENCE,GIHS,Unknown,0.0,,HIGH,AUTO_MATCHED,TIER_A,,0,32,3.4805555555555556,5.6,309.79,N,,50,1,1.0666666666666667
22816,21.0_72.5,1,INDUSTRIAL_HEAT_SOURCE_REFERENCE,GIHS,Unknown,0.0,,HIGH,AUTO_MATCHED,TIER_A,,0,28,2.9604166666666667,2.14,311.06,N,,30,0,0.9333333333333333
22817,21.0_72.5,1,INDUSTRIAL_HEAT_SOURCE_REFERENCE,GIHS,Unknown,0.0,,HIGH,AUTO_MATCHED,TIER_A,,0,29,2.9604166666666667,3.48,318.97,N,,10,0,0.9666666666666667
22818,21.0_72.5,1,INDUSTRIAL_HEAT_SOURCE_REFERENCE,GIHS,Unknown,0.0,,HIGH,AUTO_MATCHED,TIER_A,,0,5,2.9604166666666667,1.28,310.77,N,,80,0,0.16666666666666666
22830,21.5_72.5,1,INDUSTRIAL_HEAT_SOURCE_REFERENCE,GIHS,Unknown,0.0,,HIGH,AUTO_MATCHED,TIER_A,,0,2,2.49375,2.07,319.68,N,,40,0,0.06666666666666667
22849,18.5_73.0,1,INDUSTRIAL_HEAT_SOURCE_REFERENCE,GIHS,Unknown,0.0,,HIGH,AUTO_MATCHED,TIER_A,,0,26,3.4819444444444443,3.92,309.99,N,,10,0,0.8666666666666667
22850,18.5_73.0,1,INDUSTRIAL_HEAT_SOURCE_REFERENCE,GIHS,Unknown,0.0,,HIGH,AUTO_MATCHED,TIER_A,,0,25,3.4819444444444443,1.76,302.28,N,,80,0,0.8333333333333334
22851,18.5_73.0,1,INDUSTRIAL_HEAT_SOURCE_REFERENCE,GIHS,Unknown,0.0,,HIGH,AUTO_MATCHED,TIER_A,,0,25,3.4819444444444443,2.56,304.2,N,,50,1,0.8333333333333334
22852,18.5_73.0,1,INDUSTRIAL_HEAT_SOURCE_REFERENCE,GIHS,Unknown,0.0,,HIGH,AUTO_MATCHED,TIER_A,,0,25,3.4819444444444443,2.96,306.57,N,,60,0,0.8333333333333334
22856,19.5_73.5,1,INDUSTRIAL_HEAT_SOURCE_REFERENCE,GIHS,Unknown,101.30052299619493,,HIGH,AUTO_MATCHED,TIER_A,,0,3,1.9743055555555555,1.36,302.86,N,,50,1,0.1
22857,19.5_73.5,1,INDUSTRIAL_HEAT_SOURCE_REFERENCE,GIHS,Unknown,0.0,,HIGH,AUTO_MATCHED,TIER_A,,0,3,1.9743055555555555,1.36,319.96,N,,10,0,0.1
22868,20.5_70.5,1,INDUSTRIAL_HEAT_SOURCE_REFERENCE,GIHS,Unknown,0.0,,HIGH,AUTO_MATCHED,TIER_A,,0,2,3.0305555555555554,1.59,306.91,N,,50,1,0.06666666666666667
22870,20.5_71.0,1,INDUSTRIAL_HEAT_SOURCE_REFERENCE,GIHS,Unknown,0.0,,HIGH,AUTO_MATCHED,TIER_A,,0,4,3.0305555555555554,1.76,309.9,N,,50,1,0.13333333333333333
22871,21.0_72.5,1,INDUSTRIAL_HEAT_SOURCE_REFERENCE,GIHS,Unknown,0.0,,HIGH,AUTO_MATCHED,TIER_A,,0,38,3.5506944444444444,2.32,312.66,N,,10,0,1.2666666666666666
22872,21.0_72.5,1,INDUSTRIAL_HEAT_SOURCE_REFERENCE,GIHS,Unknown,0.0,,HIGH,AUTO_MATCHED,TIER_A,,0,38,3.5506944444444444,2.78,323.39,N,,50,1,1.2666666666666666
22873,21.0_72.5,1,INDUSTRIAL_HEAT_SOURCE_REFERENCE,GIHS,Unknown,0.0,,HIGH,AUTO_MATCHED,TIER_A,,0,39,3.5506944444444444,1.3,304.28,N,,60,0,1.3
22874,21.0_72.5,1,INDUSTRIAL_HEAT_SOURCE_REFERENCE,GIHS,Unknown,0.0,,HIGH,AUTO_MATCHED,TIER_A,,0,40,3.5506944444444444,2.78,310.06,N,,50,1,1.3333333333333333
22875,21.0_72.5,1,INDUSTRIAL_HEAT_SOURCE_REFERENCE,GIHS,Unknown,0.0,,HIGH,AUTO_MATCHED,TIER_A,,0,38,3.5506944444444444,2.32,325.5,N,,50,1,1.2666666666666666
22876,21.0_72.5,1,INDUSTRIAL_HEAT_SOURCE_REFERENCE,GIHS,Unknown,0.0,,HIGH,AUTO_MATCHED,TIER_A,,0,40,3.5506944444444444,3.95,322.32,N,,50,1,1.3333333333333333
22877,21.0_72.5,1,INDUSTRIAL_HEAT_SOURCE_REFERENCE,GIHS,Unknown,0.0,,HIGH,AUTO_MATCHED,TIER_A,,0,40,3.5506944444444444,4.61,305.14,N,,50,1,1.3333333333333333
22878,21.0_72.5,1,INDUSTRIAL_HEAT_SOURCE_REFERENCE,GIHS,Unknown,0.0,,HIGH,AUTO_MATCHED,TIER_A,,0,39,3.5506944444444444,1.3,314.35,N,,50,1,1.3
22879,21.0_72.5,1,INDUSTRIAL_HEAT_SOURCE_REFERENCE,GIHS,Unknown,0.0,,HIGH,AUTO_MATCHED,TIER_A,,0,6,3.0305555555555554,2.21,318.05,N,,10,0,0.2
22895,18.5_73.0,1,INDUSTRIAL_HEAT_SOURCE_REFERENCE,GIHS,Unknown,0.0,,HIGH,AUTO_MATCHED,TIER_A,,0,28,4.017361111111111,2.79,332.55,D,,50,1,0.9333333333333333
22896,18.5_73.0,1,INDUSTRIAL_HEAT_SOURCE_REFERENCE,GIHS,Unknown,0.0,,HIGH,AUTO_MATCHED,TIER_A,,0,28,4.017361111111111,2.79,335.59,D,,50,1,0.9333333333333333
22922,21.0_72.5,1,INDUSTRIAL_HEAT_SOURCE_REFERENCE,GIHS,Unknown,0.0,,HIGH,AUTO_MATCHED,TIER_A,,0,43,4.017361111111111,16.86,343.61,D,,50,1,1.4333333333333333
22923,21.0_72.5,1,INDUSTRIAL_HEAT_SOURCE_REFERENCE,GIHS,Unknown,0.0,,HIGH,AUTO_MATCHED,TIER_A,,0,41,4.017361111111111,16.86,345.04,D,,60,0,1.3666666666666667
22924,21.0_72.5,1,INDUSTRIAL_HEAT_SOURCE_REFERENCE,GIHS,Unknown,0.0,,HIGH,AUTO_MATCHED,TIER_A,,0,43,4.017361111111111,16.86,345.38,D,,50,1,1.4333333333333333
22925,21.0_72.5,1,INDUSTRIAL_HEAT_SOURCE_REFERENCE,GIHS,Unknown,0.0,,HIGH,AUTO_MATCHED,TIER_A,,0,7,3.4972222222222222,6.18,343.7,D,,10,0,0.23333333333333334
22964,20.5_70.5,1,INDUSTRIAL_HEAT_SOURCE_REFERENCE,GIHS,Unknown,0.0,,HIGH,AUTO_MATCHED,TIER_A,,0,3,4.017361111111111,1.18,307.25,N,,50,1,0.1
22965,20.5_71.0,1,INDUSTRIAL_HEAT_SOURCE_REFERENCE,GIHS,Unknown,0.0,,HIGH,AUTO_MATCHED,TIER_A,,0,5,4.017361111111111,0.98,303.65,N,,50,1,0.16666666666666666
22967,21.0_72.5,1,INDUSTRIAL_HEAT_SOURCE_REFERENCE,GIHS,Unknown,0.0,,HIGH,AUTO_MATCHED,TIER_A,,0,49,4.5375,1.85,305.16,N,,50,1,1.6333333333333333
22968,21.0_72.5,1,INDUSTRIAL_HEAT_SOURCE_REFERENCE,GIHS,Unknown,0.0,,HIGH,AUTO_MATCHED,TIER_A,,0,49,4.5375,4.87,338.93,N,,50,1,1.6333333333333333
22969,21.0_72.5,1,INDUSTRIAL_HEAT_SOURCE_REFERENCE,GIHS,Unknown,0.0,,HIGH,AUTO_MATCHED,TIER_A,,0,42,4.5375,4.57,318.52,N,,50,1,1.4
22970,21.0_72.5,1,INDUSTRIAL_HEAT_SOURCE_REFERENCE,GIHS,Unknown,0.0,,HIGH,AUTO_MATCHED,TIER_A,,0,49,4.5375,1.85,312.13,N,,10,0,1.6333333333333333
22971,21.0_72.5,1,INDUSTRIAL_HEAT_SOURCE_REFERENCE,GIHS,Unknown,0.0,,HIGH,AUTO_MATCHED,TIER_A,,0,49,4.5375,1.85,307.88,N,,60,0,1.6333333333333333
22972,21.0_72.5,1,INDUSTRIAL_HEAT_SOURCE_REFERENCE,GIHS,Unknown,0.0,,HIGH,AUTO_MATCHED,TIER_A,,0,49,4.5375,4.87,319.3,N,,60,0,1.6333333333333333
22973,21.0_72.5,1,INDUSTRIAL_HEAT_SOURCE_REFERENCE,GIHS,Unknown,0.0,,HIGH,AUTO_MATCHED,TIER_A,,0,8,4.017361111111111,3.02,323.32,N,,10,0,0.26666666666666666
22990,18.5_73.0,1,INDUSTRIAL_HEAT_SOURCE_REFERENCE,GIHS,Unknown,0.0,,HIGH,AUTO_MATCHED,TIER_A,,0,34,4.538888888888889,2.46,327.17,N,,50,1,1.1333333333333333
22991,18.5_73.0,1,INDUSTRIAL_HEAT_SOURCE_REFERENCE,GIHS,Unknown,0.0,,HIGH,AUTO_MATCHED,TIER_A,,0,34,4.538888888888889,1.32,308.33,N,,60,0,1.1333333333333333
22992,18.5_73.0,1,INDUSTRIAL_HEAT_SOURCE_REFERENCE,GIHS,Unknown,0.0,,HIGH,AUTO_MATCHED,TIER_A,,0,34,4.538888888888889,1.32,306.08,N,,50,1,1.1333333333333333
22993,18.5_73.0,1,INDUSTRIAL_HEAT_SOURCE_REFERENCE,GIHS,Unknown,0.0,,HIGH,AUTO_MATCHED,TIER_A,,0,33,4.538888888888889,1.09,303.45,N,,50,1,1.1
22994,18.5_73.0,1,INDUSTRIAL_HEAT_SOURCE_REFERENCE,GIHS,Unknown,0.0,,HIGH,AUTO_MATCHED,TIER_A,,0,33,4.538888888888889,1.13,303.95,N,,50,1,1.1
22995,18.5_73.0,1,INDUSTRIAL_HEAT_SOURCE_REFERENCE,GIHS,Unknown,0.0,,HIGH,AUTO_MATCHED,TIER_A,,0,33,4.538888888888889,1.13,309.15,N,,60,0,1.1
23060,21.0_72.5,1,INDUSTRIAL_HEAT_SOURCE_REFERENCE,GIHS,Unknown,0.0,,HIGH,AUTO_MATCHED,TIER_A,,0,50,5.004166666666666,4.79,339.37,D,,10,0,1.6666666666666667
23061,21.0_72.5,1,INDUSTRIAL_HEAT_SOURCE_REFERENCE,GIHS,Unknown,0.0,,HIGH,AUTO_MATCHED,TIER_A,,0,9,4.4840277777777775,1.39,331.95,D,,10,0,0.3
23076,20.5_70.5,1,INDUSTRIAL_HEAT_SOURCE_REFERENCE,GIHS,Unknown,0.0,,HIGH,AUTO_MATCHED,TIER_A,,0,4,5.004166666666666,1.15,302.96,N,,10,0,0.13333333333333333
23077,20.5_71.0,1,INDUSTRIAL_HEAT_SOURCE_REFERENCE,GIHS,Unknown,0.0,,HIGH,AUTO_MATCHED,TIER_A,,0,6,5.004166666666666,1.92,316.01,N,,50,1,0.2
23078,21.0_72.5,1,INDUSTRIAL_HEAT_SOURCE_REFERENCE,GIHS,Unknown,0.0,,HIGH,AUTO_MATCHED,TIER_A,,0,56,5.524305555555555,6.3,330.84,N,,50,1,1.8666666666666667
23079,21.0_72.5,1,INDUSTRIAL_HEAT_SOURCE_REFERENCE,GIHS,Unknown,0.0,,HIGH,AUTO_MATCHED,TIER_A,,0,56,5.524305555555555,3.34,327.91,N,,60,0,1.8666666666666667
23080,21.0_72.5,1,INDUSTRIAL_HEAT_SOURCE_REFERENCE,GIHS,Unknown,0.0,,HIGH,AUTO_MATCHED,TIER_A,,0,48,5.524305555555555,4.93,305.9,N,,60,0,1.6
23081,21.0_72.5,1,INDUSTRIAL_HEAT_SOURCE_REFERENCE,GIHS,Unknown,0.0,,HIGH,AUTO_MATCHED,TIER_A,,0,56,5.524305555555555,4.93,331.42,N,,50,1,1.8666666666666667
23082,21.0_72.5,1,INDUSTRIAL_HEAT_SOURCE_REFERENCE,GIHS,Unknown,0.0,,HIGH,AUTO_MATCHED,TIER_A,,0,56,5.524305555555555,1.59,310.68,N,,50,1,1.8666666666666667
23083,21.0_72.5,1,INDUSTRIAL_HEAT_SOURCE_REFERENCE,GIHS,Unknown,0.0,,HIGH,AUTO_MATCHED,TIER_A,,0,56,5.524305555555555,1.89,306.84,N,,50,1,1.8666666666666667
23084,21.0_72.5,1,INDUSTRIAL_HEAT_SOURCE_REFERENCE,GIHS,Unknown,0.0,,HIGH,AUTO_MATCHED,TIER_A,,0,10,5.004166666666666,2.25,327.19,N,,10,0,0.3333333333333333
23098,18.5_73.0,1,INDUSTRIAL_HEAT_SOURCE_REFERENCE,GIHS,Unknown,0.0,,HIGH,AUTO_MATCHED,TIER_A,,0,41,5.5256944444444445,1.47,308.77,N,,50,1,1.3666666666666667
23099,18.5_73.0,1,INDUSTRIAL_HEAT_SOURCE_REFERENCE,GIHS,Unknown,0.0,,HIGH,AUTO_MATCHED,TIER_A,,0,41,5.5256944444444445,1.47,305.77,N,,50,1,1.3666666666666667
23101,18.5_73.0,1,INDUSTRIAL_HEAT_SOURCE_REFERENCE,GIHS,Unknown,0.0,,HIGH,AUTO_MATCHED,TIER_A,,0,41,5.5256944444444445,1.1,303.45,N,,50,1,1.3666666666666667
23103,18.5_73.0,1,INDUSTRIAL_HEAT_SOURCE_REFERENCE,GIHS,Unknown,36.63005614140341,,HIGH,AUTO_MATCHED,TIER_A,,0,40,5.5256944444444445,2.07,312.17,N,,50,1,1.3333333333333333
23104,18.5_73.0,1,INDUSTRIAL_HEAT_SOURCE_REFERENCE,GIHS,Unknown,0.0,,HIGH,AUTO_MATCHED,TIER_A,,0,40,5.5256944444444445,3.14,308.25,N,,60,0,1.3333333333333333
23105,18.5_73.0,1,INDUSTRIAL_HEAT_SOURCE_REFERENCE,GIHS,Unknown,0.0,,HIGH,AUTO_MATCHED,TIER_A,,0,40,5.5256944444444445,1.56,308.42,N,,50,1,1.3333333333333333
23106,18.5_73.0,1,INDUSTRIAL_HEAT_SOURCE_REFERENCE,GIHS,Unknown,0.0,,HIGH,AUTO_MATCHED,TIER_A,,0,40,5.5256944444444445,1.67,309.76,N,,50,1,1.3333333333333333
23146,18.5_73.0,1,INDUSTRIAL_HEAT_SOURCE_REFERENCE,GIHS,Unknown,0.0,,HIGH,AUTO_MATCHED,TIER_A,,0,41,5.990972222222222,5.66,337.8,D,,50,1,1.3666666666666667
23186,21.0_72.5,1,INDUSTRIAL_HEAT_SOURCE_REFERENCE,GIHS,Unknown,0.0,,HIGH,AUTO_MATCHED,TIER_A,,0,57,5.990972222222222,4.81,342.19,D,,60,0,1.9
23189,21.0_72.5,1,INDUSTRIAL_HEAT_SOURCE_REFERENCE,GIHS,Unknown,0.0,,HIGH,AUTO_MATCHED,TIER_A,,0,11,5.470833333333333,2.96,333.88,D,,10,0,0.36666666666666664
23194,21.0_72.5,1,INDUSTRIAL_HEAT_SOURCE_REFERENCE,GIHS,Unknown,0.0,,HIGH,AUTO_MATCHED,TIER_A,,0,59,6.511111111111111,6.95,343.5,N,,30,0,1.9666666666666666
23195,21.0_72.5,1,INDUSTRIAL_HEAT_SOURCE_REFERENCE,GIHS,Unknown,0.0,,HIGH,AUTO_MATCHED,TIER_A,,0,60,6.511111111111111,12.79,343.76,N,,50,1,2.0
23196,21.0_72.5,1,INDUSTRIAL_HEAT_SOURCE_REFERENCE,GIHS,Unknown,0.0,,HIGH,AUTO_MATCHED,TIER_A,,0,61,6.511111111111111,4.97,331.4,N,,50,1,2.033333333333333
23197,21.0_72.5,1,INDUSTRIAL_HEAT_SOURCE_REFERENCE,GIHS,Unknown,0.0,,HIGH,AUTO_MATCHED,TIER_A,,0,61,6.511111111111111,2.68,312.44,N,,60,0,2.033333333333333
23222,18.5_73.0,1,INDUSTRIAL_HEAT_SOURCE_REFERENCE,GIHS,Unknown,0.0,,HIGH,AUTO_MATCHED,TIER_A,,0,44,6.978472222222222,5.77,341.33,D,,50,1,1.4666666666666666
23223,18.5_73.0,1,INDUSTRIAL_HEAT_SOURCE_REFERENCE,GIHS,Unknown,0.0,,HIGH,AUTO_MATCHED,TIER_A,,0,43,6.978472222222222,6.77,332.02,D,,60,0,1.4333333333333333
23230,21.0_72.5,1,INDUSTRIAL_HEAT_SOURCE_REFERENCE,GIHS,Unknown,0.0,,HIGH,AUTO_MATCHED,TIER_A,,0,61,6.977777777777778,7.81,344.46,D,,50,1,2.033333333333333
23231,21.0_72.5,1,INDUSTRIAL_HEAT_SOURCE_REFERENCE,GIHS,Unknown,0.0,,HIGH,AUTO_MATCHED,TIER_A,,0,63,6.977777777777778,4.02,336.32,D,,50,1,2.1
23242,21.0_72.5,1,INDUSTRIAL_HEAT_SOURCE_REFERENCE,GIHS,Unknown,0.0,,HIGH,AUTO_MATCHED,TIER_A,,0,65,7.497916666666667,3.5,331.06,N,,50,1,2.1666666666666665
23243,21.0_72.5,1,INDUSTRIAL_HEAT_SOURCE_REFERENCE,GIHS,Unknown,0.0,,HIGH,AUTO_MATCHED,TIER_A,,0,65,7.497916666666667,2.29,321.54,N,,60,0,2.1666666666666665
23244,21.0_72.5,1,INDUSTRIAL_HEAT_SOURCE_REFERENCE,GIHS,Unknown,0.0,,HIGH,AUTO_MATCHED,TIER_A,,0,65,7.497916666666667,2.89,319.07,N,,50,1,2.1666666666666665
23245,21.0_72.5,1,INDUSTRIAL_HEAT_SOURCE_REFERENCE,GIHS,Unknown,0.0,,HIGH,AUTO_MATCHED,TIER_A,,0,66,7.497916666666667,3.96,326.71,N,,60,0,2.2
23246,21.0_72.5,1,INDUSTRIAL_HEAT_SOURCE_REFERENCE,GIHS,Unknown,0.0,,HIGH,AUTO_MATCHED,TIER_A,,0,12,6.977777777777778,2.09,316.32,N,,50,1,0.4
23259,18.5_73.0,1,INDUSTRIAL_HEAT_SOURCE_REFERENCE,GIHS,Unknown,0.0,,HIGH,AUTO_MATCHED,TIER_A,,0,45,7.499305555555556,3.39,303.51,N,,50,1,1.5
23260,18.5_73.0,1,INDUSTRIAL_HEAT_SOURCE_REFERENCE,GIHS,Unknown,0.0,,HIGH,AUTO_MATCHED,TIER_A,,0,45,7.499305555555556,2.84,309.12,N,,50,1,1.5
23261,19.0_73.0,1,INDUSTRIAL_HEAT_SOURCE_REFERENCE,GIHS,Unknown,0.0,,HIGH,AUTO_MATCHED,TIER_A,,0,3,6.978472222222222,0.78,304.19,N,,50,1,0.1
23269,19.5_73.5,1,INDUSTRIAL_HEAT_SOURCE_REFERENCE,GIHS,Unknown,3.3299861766806766,,HIGH,AUTO_MATCHED,TIER_A,,0,4,5.991666666666666,0.51,298.81,N,,60,0,0.13333333333333333
23270,20.5_71.0,1,INDUSTRIAL_HEAT_SOURCE_REFERENCE,GIHS,Unknown,0.0,,HIGH,AUTO_MATCHED,TIER_A,,0,7,6.978472222222222,1.86,309.18,N,,50,1,0.23333333333333334
23279,21.0_72.5,1,INDUSTRIAL_HEAT_SOURCE_REFERENCE,GIHS,Unknown,0.0,,HIGH,AUTO_MATCHED,TIER_A,,0,67,7.965277777777778,9.84,355.54,D,,50,1,2.2333333333333334
23280,21.0_72.5,1,INDUSTRIAL_HEAT_SOURCE_REFERENCE,GIHS,Unknown,0.0,,HIGH,AUTO_MATCHED,TIER_A,,0,69,7.965277777777778,7.82,339.21,D,,80,0,2.3
23308,18.5_73.0,1,INDUSTRIAL_HEAT_SOURCE_REFERENCE,GIHS,Unknown,0.0,,HIGH,AUTO_MATCHED,TIER_A,,0,56,8.48611111111111,1.28,305.13,N,,10,0,1.8666666666666667
23309,18.5_73.0,1,INDUSTRIAL_HEAT_SOURCE_REFERENCE,GIHS,Unknown,0.0,,HIGH,AUTO_MATCHED,TIER_A,,0,56,8.48611111111111,1.41,310.44,N,,50,1,1.8666666666666667
23310,18.5_73.0,1,INDUSTRIAL_HEAT_SOURCE_REFERENCE,GIHS,Unknown,0.0,,HIGH,AUTO_MATCHED,TIER_A,,0,56,8.48611111111111,1.41,312.92,N,,60,0,1.8666666666666667
23311,18.5_73.0,1,INDUSTRIAL_HEAT_SOURCE_REFERENCE,GIHS,Unknown,0.0,,HIGH,AUTO_MATCHED,TIER_A,,0,55,8.48611111111111,1.92,303.57,N,,50,1,1.8333333333333333
23312,18.5_73.0,1,INDUSTRIAL_HEAT_SOURCE_REFERENCE,GIHS,Unknown,0.0,,HIGH,AUTO_MATCHED,TIER_A,,0,55,8.48611111111111,1.28,313.37,N,,50,1,1.8333333333333333
23313,18.5_73.0,1,INDUSTRIAL_HEAT_SOURCE_REFERENCE,GIHS,Unknown,0.0,,HIGH,AUTO_MATCHED,TIER_A,,0,55,8.48611111111111,1.28,311.74,N,,50,1,1.8333333333333333
23314,18.5_73.0,1,INDUSTRIAL_HEAT_SOURCE_REFERENCE,GIHS,Unknown,0.0,,HIGH,AUTO_MATCHED,TIER_A,,0,55,8.48611111111111,2.09,303.09,N,,50,1,1.8333333333333333
23315,18.5_73.0,1,INDUSTRIAL_HEAT_SOURCE_REFERENCE,GIHS,Unknown,0.0,,HIGH,AUTO_MATCHED,TIER_A,,0,55,8.48611111111111,1.41,309.12,N,,60,0,1.8333333333333333
23316,18.5_73.0,1,INDUSTRIAL_HEAT_SOURCE_REFERENCE,GIHS,Unknown,0.0,,HIGH,AUTO_MATCHED,TIER_A,,0,55,8.48611111111111,2.19,310.4,N,,50,1,1.8333333333333333
23317,18.5_73.0,1,INDUSTRIAL_HEAT_SOURCE_REFERENCE,GIHS,Unknown,0.0,,HIGH,AUTO_MATCHED,TIER_A,,0,55,8.48611111111111,1.26,306.76,N,,60,0,1.8333333333333333
23320,19.0_73.0,1,INDUSTRIAL_HEAT_SOURCE_REFERENCE,GIHS,Unknown,0.0,,HIGH,AUTO_MATCHED,TIER_A,,0,4,7.965277777777778,0.87,307.51,N,,10,0,0.13333333333333333
23322,21.0_72.5,1,INDUSTRIAL_HEAT_SOURCE_REFERENCE,GIHS,Unknown,0.0,,HIGH,AUTO_MATCHED,TIER_A,,0,73,8.485416666666667,7.1,351.96,N,,50,1,2.433333333333333
23323,21.0_72.5,1,INDUSTRIAL_HEAT_SOURCE_REFERENCE,GIHS,Unknown,0.0,,HIGH,AUTO_MATCHED,TIER_A,,0,73,8.485416666666667,5.5,304.39,N,,60,0,2.433333333333333
23324,21.0_72.5,1,INDUSTRIAL_HEAT_SOURCE_REFERENCE,GIHS,Unknown,0.0,,HIGH,AUTO_MATCHED,TIER_A,,0,72,8.485416666666667,1.97,313.99,N,,10,0,2.4
23325,21.0_72.5,1,INDUSTRIAL_HEAT_SOURCE_REFERENCE,GIHS,Unknown,0.0,,HIGH,AUTO_MATCHED,TIER_A,,0,72,8.485416666666667,2.13,308.13,N,,50,1,2.4
23326,21.0_72.5,1,INDUSTRIAL_HEAT_SOURCE_REFERENCE,GIHS,Unknown,0.0,,HIGH,AUTO_MATCHED,TIER_A,,0,14,7.965277777777778,1.31,310.35,N,,80,0,0.4666666666666667
23327,21.0_72.5,1,INDUSTRIAL_HEAT_SOURCE_REFERENCE,GIHS,Unknown,0.0,,HIGH,AUTO_MATCHED,TIER_A,,0,14,7.965277777777778,1.47,309.43,N,,10,0,0.4666666666666667
23329,21.0_72.5,1,INDUSTRIAL_HEAT_SOURCE_REFERENCE,GIHS,Unknown,0.0,,HIGH,AUTO_MATCHED,TIER_A,,0,76,8.55486111111111,4.17,317.59,N,,50,1,2.533333333333333
23330,21.0_72.5,1,INDUSTRIAL_HEAT_SOURCE_REFERENCE,GIHS,Unknown,0.0,,HIGH,AUTO_MATCHED,TIER_A,,0,76,8.55486111111111,6.32,322.59,N,,50,1,2.533333333333333
23331,21.0_72.5,1,INDUSTRIAL_HEAT_SOURCE_REFERENCE,GIHS,Unknown,0.0,,HIGH,AUTO_MATCHED,TIER_A,,0,79,8.55486111111111,2.95,308.03,N,,50,1,2.6333333333333333
23332,21.0_72.5,1,INDUSTRIAL_HEAT_SOURCE_REFERENCE,GIHS,Unknown,0.0,,HIGH,AUTO_MATCHED,TIER_A,,0,79,8.55486111111111,2.95,307.88,N,,60,0,2.6333333333333333
23333,21.0_72.5,1,INDUSTRIAL_HEAT_SOURCE_REFERENCE,GIHS,Unknown,0.0,,HIGH,AUTO_MATCHED,TIER_A,,0,79,8.55486111111111,3.84,311.07,N,,60,0,2.6333333333333333
23334,21.0_72.5,1,INDUSTRIAL_HEAT_SOURCE_REFERENCE,GIHS,Unknown,0.0,,HIGH,AUTO_MATCHED,TIER_A,,0,62,8.034722222222221,2.57,305.04,N,,10,0,2.066666666666667
23335,21.0_72.5,1,INDUSTRIAL_HEAT_SOURCE_REFERENCE,GIHS,Unknown,0.0,,HIGH,AUTO_MATCHED,TIER_A,,0,16,8.034722222222221,1.35,309.12,N,,10,0,0.5333333333333333
23336,21.0_72.5,1,INDUSTRIAL_HEAT_SOURCE_REFERENCE,GIHS,Unknown,0.0,,HIGH,AUTO_MATCHED,TIER_A,,0,16,8.034722222222221,1.57,310.0,N,,10,0,0.5333333333333333
23339,21.5_72.5,1,INDUSTRIAL_HEAT_SOURCE_REFERENCE,GIHS,Unknown,0.0,,HIGH,AUTO_MATCHED,TIER_A,,0,1,0.0,1.05,303.45,N,,60,0,0.03333333333333333
23354,18.5_73.0,1,INDUSTRIAL_HEAT_SOURCE_REFERENCE,GIHS,Unknown,0.0,,HIGH,AUTO_MATCHED,TIER_A,,0,57,9.021527777777777,5.41,345.52,D,,50,1,1.9
23390,21.0_72.5,1,INDUSTRIAL_HEAT_SOURCE_REFERENCE,GIHS,Unknown,0.0,,HIGH,AUTO_MATCHED,TIER_A,,0,81,9.021527777777777,8.28,367.0,D,,50,1,2.7
23391,21.0_72.5,1,INDUSTRIAL_HEAT_SOURCE_REFERENCE,GIHS,Unknown,0.0,,HIGH,AUTO_MATCHED,TIER_A,,0,78,9.021527777777777,6.22,356.08,D,,50,1,2.6
23393,21.0_72.5,1,INDUSTRIAL_HEAT_SOURCE_REFERENCE,GIHS,Unknown,0.0,,HIGH,AUTO_MATCHED,TIER_A,,0,17,8.501388888888888,0.89,332.47,D,,10,0,0.5666666666666667
23407,20.5_71.0,1,INDUSTRIAL_HEAT_SOURCE_REFERENCE,GIHS,Unknown,0.0,,HIGH,AUTO_MATCHED,TIER_A,,0,8,9.021527777777777,2.58,306.92,N,,50,1,0.26666666666666666
23408,21.0_72.5,1,INDUSTRIAL_HEAT_SOURCE_REFERENCE,GIHS,Unknown,0.0,,HIGH,AUTO_MATCHED,TIER_A,,0,83,9.541666666666666,5.29,342.09,N,,50,1,2.7666666666666666
23409,21.0_72.5,1,INDUSTRIAL_HEAT_SOURCE_REFERENCE,GIHS,Unknown,0.0,,HIGH,AUTO_MATCHED,TIER_A,,0,86,9.541666666666666,7.02,350.54,N,,60,0,2.8666666666666667
23410,21.0_72.5,1,INDUSTRIAL_HEAT_SOURCE_REFERENCE,GIHS,Unknown,0.0,,HIGH,AUTO_MATCHED,TIER_A,,0,86,9.541666666666666,7.02,367.0,N,,50,1,2.8666666666666667
23411,21.0_72.5,1,INDUSTRIAL_HEAT_SOURCE_REFERENCE,GIHS,Unknown,0.0,,HIGH,AUTO_MATCHED,TIER_A,,0,78,9.541666666666666,1.8,310.36,N,,50,1,2.6
23412,21.0_72.5,1,INDUSTRIAL_HEAT_SOURCE_REFERENCE,GIHS,Unknown,0.0,,HIGH,AUTO_MATCHED,TIER_A,,0,86,9.541666666666666,1.71,309.44,N,,50,1,2.8666666666666667
23413,21.0_72.5,1,INDUSTRIAL_HEAT_SOURCE_REFERENCE,GIHS,Unknown,0.0,,HIGH,AUTO_MATCHED,TIER_A,,0,21,9.021527777777777,2.44,334.57,N,,50,1,0.7
23414,21.0_72.5,1,INDUSTRIAL_HEAT_SOURCE_REFERENCE,GIHS,Unknown,0.0,,HIGH,AUTO_MATCHED,TIER_A,,0,21,9.021527777777777,1.33,328.82,N,,10,0,0.7
23415,21.0_72.5,1,INDUSTRIAL_HEAT_SOURCE_REFERENCE,GIHS,Unknown,0.0,,HIGH,AUTO_MATCHED,TIER_A,,0,21,9.021527777777777,3.0,313.8,N,,10,0,0.7
23416,21.0_72.5,1,INDUSTRIAL_HEAT_SOURCE_REFERENCE,GIHS,Unknown,0.0,,HIGH,AUTO_MATCHED,TIER_A,,0,21,9.021527777777777,1.74,306.43,N,,10,0,0.7
23426,18.5_73.0,1,INDUSTRIAL_HEAT_SOURCE_REFERENCE,GIHS,Unknown,0.0,,HIGH,AUTO_MATCHED,TIER_A,,0,61,9.543055555555556,2.08,310.08,N,,50,1,2.033333333333333
23427,18.5_73.0,1,INDUSTRIAL_HEAT_SOURCE_REFERENCE,GIHS,Unknown,0.0,,HIGH,AUTO_MATCHED,TIER_A,,0,60,9.543055555555556,1.77,307.0,N,,60,0,2.0
23428,18.5_73.0,1,INDUSTRIAL_HEAT_SOURCE_REFERENCE,GIHS,Unknown,0.0,,HIGH,AUTO_MATCHED,TIER_A,,0,60,9.543055555555556,2.16,309.72,N,,50,1,2.0
23429,18.5_73.0,1,INDUSTRIAL_HEAT_SOURCE_REFERENCE,GIHS,Unknown,0.0,,HIGH,AUTO_MATCHED,TIER_A,,0,60,9.543055555555556,2.78,311.74,N,,50,1,2.0
23430,18.5_72.5,1,INDUSTRIAL_HEAT_SOURCE_REFERENCE,GIHS,Unknown,0.0,,HIGH,AUTO_MATCHED,TIER_A,,0,3,9.543055555555556,1.06,308.3,N,,40,0,0.1
