event_id,latitude,longitude,detected_at,target_label,label_confidence,label_source,distance_to_facility_meters,nearby_facility_count,hotspot_frequency_30d,persistence_days,frp,confidence,is_day,land_cover_at_event,nearby_built-up_fraction,nearby_cropland_fraction,nearby_grassland_fraction,nearby_shrubland_fraction,nearby_tree_cover_fraction,nearby_bare_sparse_vegetation_fraction,nearby_permanent_water_bodies_fraction,has_satellite_data,cloud_cover_percent,nearby_mangroves_fraction,nearby_herbaceous_wetland_fraction,nearby_moss_and_lichen_fraction
3,18.46832,74.27671,2026-09-26 13:54:00+05:30,UNKNOWN,0.0,None,,0,1,0.0,4.4,nominal,,40.0,0.13801011659807957,0.3131858710562414,0.29788237311385457,0.1183127572016461,0.05594135802469136,0.07433127572016461,0.0023362482853223595,,,,,
4,19.10064,74.18387,2026-09-26 13:54:00+05:30,UNKNOWN,0.0,None,,0,2,0.0,7.57,nominal,,40.0,0.03557956104252401,0.8430212620027435,0.034079218106995886,0.003986625514403292,0.0823045267489712,0.0010073731138545952,2.143347050754458e-05,,,,,
5,19.10397,74.18328,2026-09-26 13:54:00+05:30,UNKNOWN,0.0,None,,0,2,0.0,7.57,nominal,,40.0,0.046382030178326476,0.7893304183813443,0.04188100137174211,0.010631001371742112,0.11001800411522633,0.001736111111111111,2.143347050754458e-05,,,,,
6,19.75446,75.60529,2026-09-26 13:54:00+05:30,UNKNOWN,0.0,None,,0,1,0.0,0.94,low,,40.0,0.01436042524005487,0.8662122770919067,0.03690843621399177,0.0438957475994513,0.038001543209876545,0.0006001371742112483,2.143347050754458e-05,,,,,
7,21.10421,72.64667,2026-09-26 13:54:00+05:30,UNKNOWN,0.0,None,,0,4,0.0,5.53,nominal,,50.0,0.5797110768175583,0.02554869684499314,0.00945216049382716,,0.19900977366255143,0.14525462962962962,0.041023662551440326,,,,,
8,21.1029,72.63873,2026-09-26 13:54:00+05:30,UNKNOWN,0.0,None,,0,4,0.0,5.1,nominal,,10.0,0.3883101851851852,0.03137860082304527,0.012560013717421124,,0.3760931069958848,0.16508058984910837,0.026577503429355283,,,,,
9,21.10225,72.63475,2026-09-26 13:54:00+05:30,UNKNOWN,0.0,None,,0,4,0.0,3.53,nominal,,10.0,0.2841649519890261,0.049275548696844994,0.02546296296296296,2.143347050754458e-05,0.46662808641975306,0.15809327846364885,0.016010802469135804,,,0.0003429355281207133,,
10,21.10763,72.64603,2026-09-26 13:54:00+05:30,UNKNOWN,0.0,None,,0,4,0.0,5.53,nominal,,80.0,0.6278935185185185,0.021883573388203018,0.004265260631001372,,0.15352794924554183,0.14806241426611796,0.04436728395061729,,,,,
11,22.48005,75.45055,2026-09-26 13:56:00+05:30,UNKNOWN,0.0,None,,0,1,0.0,1.66,nominal,,40.0,0.08554098079561043,0.8097993827160493,0.07818930041152264,,0.018732853223593963,0.006687242798353909,0.0010502400548696846,,,,,
12,22.50838,75.5974,2026-09-26 13:56:00+05:30,UNKNOWN,0.0,None,,0,1,0.0,1.37,low,,40.0,0.043767146776406037,0.8970336076817559,0.016353737997256517,,0.04267403978052126,0.00017146776406035664,,,,,,
13,22.77287,75.46678,2026-09-26 13:56:00+05:30,UNKNOWN,0.0,None,,0,1,0.0,1.54,nominal,,40.0,0.0008144718792866941,0.9814814814814815,0.007501714677640604,,0.01020233196159122,,,,,,,
14,22.95498,75.74214,2026-09-26 13:56:00+05:30,UNKNOWN,0.0,None,,0,1,0.0,1.58,low,,40.0,0.015967935528120713,0.9680212620027435,0.004093792866941015,,0.005422668038408779,0.00019290123456790122,0.006301440329218107,,,,,
15,23.07827,75.67865,2026-09-26 13:56:00+05:30,UNKNOWN,0.0,None,,0,1,0.0,2.29,nominal,,40.0,0.007008744855967078,0.9825745884773662,0.0069230109739369,,0.0031721536351165982,0.0003215020576131687,,,,,,
16,23.09279,75.58939,2026-09-26 13:56:00+05:30,UNKNOWN,0.0,None,,0,1,0.0,1.39,low,,40.0,0.005829903978052126,0.9810528120713305,0.005551268861454047,,0.007566015089163237,,,,,,,
17,15.12553,79.65835,2026-09-26 13:52:00+05:30,UNKNOWN,0.0,None,,0,1,0.0,2.46,low,,10.0,0.0023791152263374486,0.015303497942386831,2.143347050754458e-05,0.6619084362139918,0.3203875171467764,,,,,,,
18,15.47682,79.83042,2026-09-26 13:52:00+05:30,UNKNOWN,0.0,None,,0,2,0.0,3.2,low,,10.0,0.003729423868312757,0.4548611111111111,0.041666666666666664,0.15856481481481483,0.286522633744856,0.05465534979423868,,,,,,
19,15.48053,79.82989,2026-09-26 13:52:00+05:30,UNKNOWN,0.0,None,,0,2,0.0,3.2,nominal,,40.0,0.006215706447187929,0.49796382030178327,0.0421167695473251,0.14921982167352538,0.2743698559670782,0.03011402606310014,,,,,,
20,15.16371,76.38297,2026-09-26 13:52:00+05:30,UNKNOWN,0.0,None,,0,1,0.0,6.82,nominal,,40.0,0.13786008230452676,0.2799425582990398,0.03982338820301783,0.19705932784636487,0.2068758573388203,0.07240226337448559,0.06603652263374486,,,,,
21,15.34119,75.16848,2026-09-26 13:52:00+05:30,UNKNOWN,0.0,None,,0,2,0.0,2.28,nominal,,30.0,0.18051268861454048,0.56974451303155,0.06142832647462277,0.07214506172839506,0.10626714677640603,0.009902263374485597,,,,,,
22,15.34453,75.16792,2026-09-26 13:52:00+05:30,UNKNOWN,0.0,None,,0,2,0.0,2.28,nominal,,10.0,0.2570087448559671,0.4407793209876543,0.04434585048010974,0.07829646776406035,0.17204646776406035,0.007523148148148148,,,,,,
23,19.10248,73.05284,2026-09-27 02:23:00+05:30,UNKNOWN,0.0,None,,0,1,0.0,0.9,nominal,,30.0,0.10892489711934156,0.2426483196159122,0.1412037037037037,,0.5017575445816187,0.005401234567901234,6.430041152263375e-05,,,,,
24,19.34803,71.30382,2026-09-27 02:23:00+05:30,UNKNOWN,0.0,None,,0,1,0.0,3.12,nominal,,,,,,,,,,,,,,
25,18.69177,73.04069,2026-09-27 02:23:00+05:30,UNKNOWN,0.0,None,,0,6,0.0,1.88,nominal,,50.0,0.5405735596707819,0.10223765432098765,0.015260631001371741,,0.0966863854595336,0.1681670096021948,0.04301697530864197,,,0.03405778463648834,,
26,18.68455,73.04321,2026-09-27 02:23:00+05:30,UNKNOWN,0.0,None,,0,6,0.0,2.24,nominal,,60.0,0.49886402606310015,0.10691015089163237,0.01253858024691358,,0.12532150205761317,0.14853395061728394,0.07094478737997256,,,0.03688700274348423,,
27,18.68625,73.03223,2026-09-27 02:23:00+05:30,UNKNOWN,0.0,None,,0,6,0.0,2.36,nominal,,50.0,0.40625,0.036801268861454045,0.005336934156378601,,0.06929441015089163,0.12339248971193416,0.2072616598079561,,,0.15166323731138545,,
28,18.68512,73.03955,2026-09-27 02:23:00+05:30,UNKNOWN,0.0,None,,0,6,0.0,2.24,nominal,,60.0,0.5743312757201646,0.044238683127572016,0.005465534979423869,,0.08446930727023319,0.16508058984910837,0.08721279149519891,,,0.03920181755829904,,
29,18.68236,73.03533,2026-09-27 02:23:00+05:30,UNKNOWN,0.0,None,,0,6,0.0,3.3,nominal,,50.0,0.42669753086419754,0.07540294924554183,0.0036651234567901233,,0.07949674211248285,0.09741512345679013,0.16703103566529492,,,0.1502914951989026,,
30,18.68179,73.03899,2026-09-27 02:23:00+05:30,UNKNOWN,0.0,None,,0,6,0.0,2.22,nominal,,50.0,0.46525634430727025,0.11314729080932785,0.005186899862825789,,0.08530521262002744,0.1285579561042524,0.1099965706447188,,,0.0925497256515775,,
31,17.14123,77.18338,2026-09-27 02:23:00+05:30,UNKNOWN,0.0,None,,0,1,0.0,1.4,nominal,,50.0,0.3523662551440329,0.12274948559670781,0.028120713305898493,0.21922153635116598,0.19425154320987653,0.08314043209876543,0.00015003429355281208,,,,,
32,16.64879,74.31592,2026-09-27 02:25:00+05:30,UNKNOWN,0.0,None,,0,1,0.0,0.81,nominal,,30.0,0.050411522633744855,0.3943115569272977,0.25469393004115226,0.007115912208504801,0.2112054183813443,0.08112568587105624,0.0011359739368998628,,,,,
33,16.63944,74.35201,2026-09-27 02:25:00+05:30,UNKNOWN,0.0,None,,0,1,0.0,0.34,nominal,,50.0,0.1429826817558299,0.3991340877914952,0.16518775720164608,0.012131344307270232,0.21962877229080932,0.060935356652949246,,,,,,
34,15.17685,77.10255,2026-09-27 02:25:00+05:30,UNKNOWN,0.0,None,,0,1,0.0,1.34,nominal,,50.0,0.03611539780521262,0.6736325445816187,0.006708676268861454,0.048096707818930044,0.14353995198902605,0.0804826817558299,0.011424039780521263,,,,,
35,15.65874,73.98966,2026-09-27 02:25:00+05:30,UNKNOWN,0.0,None,,0,1,0.0,0.82,nominal,,30.0,0.00383659122085048,0.029813957475994513,0.1456189986282579,0.001993312757201646,0.8126286008230452,0.006108539094650206,,,,,,
36,15.18352,76.66707,2026-09-27 02:25:00+05:30,UNKNOWN,0.0,None,,0,6,0.0,4.08,nominal,,60.0,0.33753429355281206,0.005679869684499314,0.016396604938271605,0.02010459533607682,0.21585648148148148,0.4011059670781893,0.0033221879286694104,,,,,
37,15.18511,76.65795,2026-09-27 02:25:00+05:30,UNKNOWN,0.0,None,,0,5,0.0,2.73,nominal,,50.0,0.41072959533607684,0.001178840877914952,0.006558641975308642,0.007801783264746228,0.18044838820301784,0.39296124828532236,0.0003215020576131687,,,,,
38,15.18193,76.67618,2026-09-27 02:25:00+05:30,UNKNOWN,0.0,None,,0,5,0.0,1.41,nominal,,50.0,0.29102366255144035,0.043574245541838134,0.03742283950617284,0.06878000685871057,0.17305384087791495,0.3825660150891632,0.003579389574759945,,,,,
39,15.17823,76.67547,2026-09-27 02:25:00+05:30,UNKNOWN,0.0,None,,0,5,0.0,3.17,nominal,,50.0,0.29867541152263377,0.03195730452674897,0.034122085048010974,0.05922067901234568,0.09357853223593965,0.482445987654321,,,,,,
40,15.17505,76.69367,2026-09-27 02:25:00+05:30,UNKNOWN,0.0,None,,0,3,0.0,1.62,nominal,,60.0,0.1909722222222222,0.013953189300411523,0.025998799725651577,0.3213305898491084,0.11430469821673525,0.3318329903978052,0.0016075102880658437,,,,,
41,15.17771,76.65653,2026-09-27 02:25:00+05:30,UNKNOWN,0.0,None,,0,4,0.0,3.87,nominal,,60.0,0.31209276406035663,,0.00842335390946502,0.008037551440329218,0.18651406035665294,0.4838820301783265,0.0010502400548696846,,,,,
42,15.17294,76.68385,2026-09-27 02:25:00+05:30,UNKNOWN,0.0,None,,0,4,0.0,1.82,nominal,,50.0,0.2522076474622771,0.011252572016460906,0.02417695473251029,0.2983110425240055,0.08080418381344308,0.3319401577503429,0.0013074417009602195,,,,,
43,15.17401,76.65582,2026-09-27 02:25:00+05:30,UNKNOWN,0.0,None,,0,4,0.0,2.66,nominal,,10.0,0.2453489368998628,0.004779663923182442,0.010095164609053497,0.015753600823045267,0.20796896433470508,0.4632201646090535,0.05283350480109739,,,,,
44,15.18415,76.31708,2026-09-27 02:25:00+05:30,UNKNOWN,0.0,None,,0,1,0.0,1.58,nominal,,50.0,0.11492626886145405,0.45773319615912206,0.13809585048010975,0.18679269547325103,0.023962620027434843,0.06112825788751715,0.01716820987654321,,,,0.00019290123456790122,
45,15.17333,76.37848,2026-09-27 02:25:00+05:30,UNKNOWN,0.0,None,,0,3,0.5229166666666667,1.02,nominal,,60.0,0.2005315500685871,0.25510116598079563,0.04106652949245542,0.051054526748971193,0.31912294238683125,0.12868655692729766,0.004436728395061728,,,,,
46,15.16891,76.38219,2026-09-27 02:25:00+05:30,UNKNOWN,0.0,None,,0,3,0.5229166666666667,1.37,nominal,,60.0,0.19208676268861455,0.17116769547325103,0.03682270233196159,0.1262431412894376,0.31016375171467764,0.1333590534979424,0.030156893004115226,,,,,
47,15.01121,76.90011,2026-09-27 02:25:00+05:30,UNKNOWN,0.0,None,,0,1,0.0,0.8,nominal,,60.0,0.014510459533607682,0.34036351165980794,0.13790294924554183,0.27314814814814814,0.14330418381344306,0.0907707475994513,,,,,,
48,15.21196,79.79091,2026-09-27 13:33:00+05:30,UNKNOWN,0.0,None,,0,1,0.0,2.9,nominal,,40.0,,0.6537637174211248,0.0020147462277091905,0.07073045267489712,0.2563871742112483,0.00949502743484225,0.007608882030178327,,,,,
49,15.11195,78.5151,2026-09-27 13:33:00+05:30,UNKNOWN,0.0,None,,0,1,0.0,3.69,low,,40.0,0.03180727023319616,0.840642146776406,0.09338563100137175,0.01103823731138546,0.011145404663923183,0.010738168724279835,0.0012431412894375858,,,,,
50,15.47752,79.99228,2026-09-27 13:33:00+05:30,UNKNOWN,0.0,None,,0,1,0.0,1.61,low,,10.0,0.05690586419753087,0.5016503772290809,0.0660579561042524,0.02880658436213992,0.3429783950617284,0.0003643689986282579,0.0032364540466392317,,,,,
51,15.18176,76.66758,2026-09-27 13:33:00+05:30,UNKNOWN,0.0,None,,0,7,0.4638888888888889,3.01,low,,60.0,0.3382630315500686,0.0038580246913580245,0.016032235939643348,0.019525891632373112,0.1853780864197531,0.4336205418381344,0.0033221879286694104,,,,,
52,15.18515,76.64199,2026-09-27 13:33:00+05:30,UNKNOWN,0.0,None,,0,4,0.4638888888888889,2.36,low,,50.0,0.3027692043895748,0.0975008573388203,0.014681927297668039,0.05960648148148148,0.21877143347050754,0.3066700960219479,,,,,,
53,16.4436,79.54992,2026-09-27 13:33:00+05:30,UNKNOWN,0.0,None,,0,1,0.0,2.3,low,,40.0,0.04168810013717421,0.7153849451303155,0.02246227709190672,0.16253000685871055,0.05529835390946502,2.143347050754458e-05,0.002614883401920439,,,,,
54,16.66468,79.20053,2026-09-27 13:33:00+05:30,UNKNOWN,0.0,None,,0,1,0.0,1.89,low,,30.0,0.004008058984910837,0.7772633744855967,0.17545438957475995,0.008251886145404664,0.03470078875171468,0.0003215020576131687,,,,,,
55,16.80392,79.2835,2026-09-27 13:33:00+05:30,UNKNOWN,0.0,None,,0,1,0.0,1.41,nominal,,30.0,0.0015432098765432098,0.49086934156378603,0.25392232510288065,0.012688614540466393,0.13657407407407407,0.0073302469135802465,0.09707218792866941,,,,,
56,16.94299,79.36913,2026-09-27 13:33:00+05:30,UNKNOWN,0.0,None,,0,1,0.0,3.65,nominal,,40.0,0.030606995884773662,0.8922539437585734,0.03485082304526749,0.00102880658436214,0.041259430727023316,,,,,,,
57,17.15659,79.45639,2026-09-27 13:33:00+05:30,UNKNOWN,0.0,None,,0,1,0.0,2.3,nominal,,50.0,0.08635545267489712,0.6538065843621399,0.15316358024691357,0.0022505144032921812,0.09938700274348422,0.0017789780521262003,0.0032578875171467765,,,,,
58,17.3271,74.90586,2026-09-27 13:33:00+05:30,UNKNOWN,0.0,None,,0,1,0.0,2.13,nominal,,40.0,0.009109224965706448,0.5940715020576132,0.33189729080932784,0.030564128943758574,0.005272633744855967,0.029085219478737996,,,,,,
59,17.76271,73.14517,2026-09-27 13:33:00+05:30,UNKNOWN,0.0,None,,0,1,0.0,4.05,nominal,,10.0,0.0001071673525377229,0.0006858710562414266,0.07199502743484225,0.06442901234567901,0.8627829218106996,,,,,,,
60,18.7732,78.37338,2026-09-27 13:33:00+05:30,UNKNOWN,0.0,None,,0,1,0.0,2.57,low,,40.0,0.0012217078189300412,0.9385073731138546,0.02286951303155007,0.0001286008230452675,0.026556069958847735,0.0007073045267489712,0.01000943072702332,,,,,
61,18.19122,74.60756,2026-09-27 13:33:00+05:30,UNKNOWN,0.0,None,,0,1,0.0,1.7,nominal,,30.0,0.4459019204389575,0.21489197530864199,0.17772633744855967,0.071394890260631,0.059435013717421124,0.030628429355281206,2.143347050754458e-05,,,,,
62,19.81966,75.22894,2026-09-27 13:35:00+05:30,UNKNOWN,0.0,None,,0,1,0.0,4.81,low,,50.0,0.4185099451303155,0.1707175925925926,0.05525548696844993,0.08997770919067215,0.2529149519890261,0.012409979423868314,0.0002143347050754458,,,,,
63,20.77355,75.49931,2026-09-27 13:35:00+05:30,UNKNOWN,0.0,None,,0,1,0.0,6.37,nominal,,40.0,0.0019075788751714677,0.6924296982167353,0.10796039094650206,0.031742969821673524,0.1103823731138546,0.0012431412894375858,0.054333847736625515,,,,,
64,21.10286,72.64456,2026-09-27 13:35:00+05:30,UNKNOWN,0.0,None,,0,7,0.9868055555555556,11.04,nominal,,50.0,0.5141032235939643,0.03928755144032922,0.013160150891632373,,0.2661608367626886,0.13638117283950618,0.030907064471879287,,,,,
65,21.10106,72.63535,2026-09-27 13:35:00+05:30,UNKNOWN,0.0,None,,0,7,0.9868055555555556,7.08,nominal,,10.0,0.2668252743484225,0.04798954046639232,0.02492712620027435,,0.49564900548696844,0.14842678326474623,0.014681927297668039,,,0.0015003429355281207,,
66,21.10815,72.64819,2026-09-27 13:35:00+05:30,UNKNOWN,0.0,None,,0,7,0.9868055555555556,7.85,nominal,,50.0,0.6571073388203018,0.018111282578875173,0.00561556927297668,,0.13359482167352538,0.13580246913580246,0.04976851851851852,,,,,
67,22.77263,77.65042,2026-09-27 13:35:00+05:30,UNKNOWN,0.0,None,,0,1,0.0,3.23,low,,50.0,0.2517789780521262,0.3484653635116598,0.12092764060356653,0.003707990397805213,0.25439386145404663,0.017661179698216737,0.0030649862825788752,,,,,
68,22.55833,75.41496,2026-09-27 13:35:00+05:30,UNKNOWN,0.0,None,,0,1,0.0,1.44,low,,40.0,0.011359739368998627,0.9693930041152263,0.013138717421124829,,0.0058084705075445815,0.00030006858710562417,,,,,,
69,22.605,75.44363,2026-09-27 13:35:00+05:30,UNKNOWN,0.0,None,,0,1,0.0,2.73,nominal,,40.0,0.0005572702331961591,0.9982638888888888,0.00017146776406035664,,0.0010073731138545952,,,,,,,
70,22.81587,76.42957,2026-09-27 13:35:00+05:30,UNKNOWN,0.0,None,,0,1,0.0,2.25,nominal,,40.0,0.00640860768175583,0.939429012345679,0.021497770919067214,,0.032407407407407406,0.000257201646090535,,,,,,
71,22.69785,75.73141,2026-09-27 13:35:00+05:30,UNKNOWN,0.0,None,,0,1,0.0,1.91,low,,40.0,0.021304869684499315,0.8471364883401921,0.049575617283950615,,0.07726766117969822,0.004693930041152264,2.143347050754458e-05,,,,,
72,22.72412,75.75379,2026-09-27 13:35:00+05:30,UNKNOWN,0.0,None,,0,1,0.0,1.17,low,,40.0,0.02385545267489712,0.922110768175583,0.007844650205761318,,0.04610339506172839,8.573388203017832e-05,,,,,,
73,22.7868,75.43302,2026-09-27 13:35:00+05:30,UNKNOWN,0.0,None,,0,1,0.0,3.29,nominal,,40.0,,0.999528463648834,0.0003215020576131687,,0.00015003429355281208,,,,,,,
74,23.00841,76.45298,2026-09-27 13:35:00+05:30,UNKNOWN,0.0,None,,0,1,0.0,2.38,nominal,,40.0,0.013224451303155006,0.860789609053498,0.0751886145404664,,0.013524519890260631,0.0043938614540466395,0.032878943758573385,,,,,
75,22.93936,75.78203,2026-09-27 13:35:00+05:30,UNKNOWN,0.0,None,,0,1,0.0,1.78,nominal,,40.0,0.001693244170096022,0.9877829218106996,0.007994684499314128,,0.0013074417009602195,0.00027863511659807956,0.0009430727023319616,,,,,
76,23.10897,76.65594,2026-09-27 13:35:00+05:30,UNKNOWN,0.0,None,,0,1,0.0,1.96,low,,40.0,0.03200017146776406,0.8644975994513031,0.06400034293552812,,0.03570816186556927,0.0021862139917695473,0.0016075102880658437,,,,,
77,23.01086,76.04304,2026-09-27 13:35:00+05:30,UNKNOWN,0.0,None,,0,1,0.0,1.77,low,,40.0,0.016246570644718794,0.9661136831275721,0.0087019890260631,2.143347050754458e-05,0.0085090877914952,0.0003429355281207133,6.430041152263375e-05,,,,,
78,22.98733,75.6756,2026-09-27 13:35:00+05:30,UNKNOWN,0.0,None,,0,1,0.0,3.2,low,,40.0,0.003793724279835391,0.9800668724279835,0.005465534979423869,,0.010673868312757202,,,,,,,
79,23.21029,76.81641,2026-09-27 13:35:00+05:30,UNKNOWN,0.0,None,588360.89581885,291,1,0.0,4.71,nominal,,40.0,,0.9931198559670782,0.0022719478737997256,,0.0013717421124828531,0.00280778463648834,0.0004286694101508916,,,,,
80,23.20102,76.7266,2026-09-27 13:35:00+05:30,UNKNOWN,0.0,None,590156.4653658,267,1,0.0,1.92,low,,40.0,0.0006430041152263374,0.9741083676268861,0.0024434156378600825,0.0003643689986282579,0.022440843621399177,,,,,,,
81,23.00664,75.57074,2026-09-27 13:35:00+05:30,UNKNOWN,0.0,None,,0,1,0.0,1.45,nominal,,40.0,0.012710048010973937,0.974258401920439,0.006751543209876543,,0.006280006858710562,,,,,,,
82,23.42699,77.06773,2026-09-27 13:35:00+05:30,UNKNOWN,0.0,None,562896.41893848,997,1,0.0,2.41,low,,40.0,0.005015432098765432,0.9056927297668038,0.03251457475994513,,0.05139746227709191,0.005036865569272977,0.0003429355281207133,,,,,
83,23.28298,76.14919,2026-09-27 13:35:00+05:30,UNKNOWN,0.0,None,588514.43565756,287,1,0.0,1.0,low,,60.0,0.11934156378600823,0.6187199931412894,0.2124056927297668,,0.030392661179698216,0.015432098765432098,0.003707990397805213,,,,,
84,23.27954,75.95929,2026-09-27 13:35:00+05:30,UNKNOWN,0.0,None,592267.28659758,232,1,0.0,2.35,nominal,,40.0,0.03069272976680384,0.9000557270233196,0.02263374485596708,0.00015003429355281208,0.046253429355281206,0.0002143347050754458,,,,,,
87,18.14123,96.46638,2026-09-27 12:14:00+05:30,UNKNOWN,0.0,None,,0,1,0.0,7.36,n,,40.0,0.018518518518518517,0.45835476680384085,0.07396690672153636,0.011081104252400548,0.42656893004115226,0.00015003429355281208,0.011359739368998627,,,,,
88,18.66573,95.05863,2026-09-27 12:14:00+05:30,UNKNOWN,0.0,None,,0,1,0.0,4.14,n,,40.0,0.006987311385459534,0.6875857338820301,0.0804826817558299,,0.20151748971193414,0.0015646433470507546,0.021862139917695474,,,,,
89,20.96138,86.00589,2026-09-27 12:14:00+05:30,UNKNOWN,0.0,None,,0,2,0.0,5.43,n,,60.0,0.25184327846364885,0.050068587105624146,0.047796639231824416,,0.3445644718792867,0.3011831275720165,0.004543895747599451,,,,,
90,20.96168,86.00974,2026-09-27 12:14:00+05:30,UNKNOWN,0.0,None,,0,2,0.0,4.7,n,,60.0,0.3535450960219479,0.05546982167352538,0.07013031550068587,,0.20363940329218108,0.3088348765432099,0.00838048696844993,,,,,
91,21.5831,96.24741,2026-09-27 12:14:00+05:30,UNKNOWN,0.0,None,,0,1,0.0,4.09,n,,50.0,0.06985168038408779,0.389917695473251,0.16032235939643347,0.0001286008230452675,0.24093364197530864,0.13295181755829905,0.00589420438957476,,,,,
92,21.92343,96.09471,2026-09-27 12:14:00+05:30,UNKNOWN,0.0,None,,0,1,0.0,2.52,n,,50.0,0.8153935185185185,0.02464849108367627,0.004972565157750343,0.0004929698216735253,0.15282064471879286,0.0016718106995884773,,,,,,
93,21.97935,95.88237,2026-09-27 12:14:00+05:30,UNKNOWN,0.0,None,,0,1,0.0,2.19,n,,40.0,2.143347050754458e-05,0.8553026406035665,0.12114197530864197,,0.011981310013717422,0.01155264060356653,,,,,,
94,22.49083,96.96577,2026-09-27 12:14:00+05:30,UNKNOWN,0.0,None,,0,1,0.0,5.95,n,,40.0,0.00040723593964334706,0.9218106995884774,0.05866340877914952,,0.01903292181069959,8.573388203017832e-05,,,,,,
95,24.20561,96.70611,2026-09-27 12:14:00+05:30,UNKNOWN,0.0,None,,0,1,0.0,5.13,n,,10.0,,0.4714077503429355,0.07113768861454046,0.01922582304526749,0.43822873799725653,,,,,,,
96,22.78236,86.20507,2026-09-27 12:16:00+05:30,UNKNOWN,0.0,None,,0,1,0.0,3.6,n,,50.0,0.7891803840877915,0.005165466392318244,0.00838048696844993,,0.1612011316872428,0.035986796982167356,8.573388203017832e-05,,,,,
97,25.50988,96.19803,2026-09-27 12:16:00+05:30,UNKNOWN,0.0,None,,0,1,0.0,2.72,n,,10.0,,0.03527949245541838,0.1307227366255144,,0.8339977709190672,,,,,,,
98,26.30078,96.24644,2026-09-27 12:16:00+05:30,UNKNOWN,0.0,None,,0,1,0.0,2.73,n,,30.0,8.573388203017832e-05,0.2057184499314129,0.519954561042524,2.143347050754458e-05,0.18182013031550068,0.0877914951989026,0.0046081961591220855,,,,,
99,27.03802,91.24249,2026-09-27 12:16:00+05:30,UNKNOWN,0.0,None,,0,1,0.0,11.05,n,,10.0,0.0007930384087791496,0.0004929698216735253,0.04751800411522634,,0.933213305898491,0.008316186556927297,0.009666495198902607,,,,,
100,27.3772,95.33675,2026-09-27 12:16:00+05:30,UNKNOWN,0.0,None,,0,1,0.0,2.78,n,,40.0,0.07126628943758573,0.5119598765432098,0.015967935528120713,0.00383659122085048,0.39559756515775035,0.0012645747599451303,0.0001071673525377229,,,,,
101,27.87034,96.91908,2026-09-27 12:16:00+05:30,UNKNOWN,0.0,None,,0,2,0.0,3.88,n,,10.0,,2.143347050754458e-05,0.046789266117969824,,0.9531893004115226,,,,,,,
102,27.87242,96.84326,2026-09-27 12:16:00+05:30,UNKNOWN,0.0,None,,0,1,0.0,50.08,n,,10.0,,0.0006001371742112483,0.010223765432098766,,0.9627914951989026,0.0010716735253772291,0.02531292866941015,,,,,
103,27.87814,96.92575,2026-09-27 12:16:00+05:30,UNKNOWN,0.0,None,,0,2,0.0,20.81,n,,30.0,0.0007501714677640603,0.0003429355281207133,0.111539780521262,,0.8285751028806584,0.01676097393689986,0.042031035665294925,,,,,
104,27.94039,96.70742,2026-09-27 12:16:00+05:30,UNKNOWN,0.0,None,,0,2,0.0,10.89,n,,10.0,,6.430041152263375e-05,0.032878943758573385,,0.9659207818930041,0.0010931069958847737,4.286694101508916e-05,,,,,
105,27.94578,96.69844,2026-09-27 12:16:00+05:30,UNKNOWN,0.0,None,,0,2,0.0,4.96,n,,10.0,,0.0007287379972565158,0.04318844307270233,,0.9549468449931413,0.0010931069958847737,4.286694101508916e-05,,,,,
106,27.99333,96.96799,2026-09-27 12:16:00+05:30,UNKNOWN,0.0,None,,0,1,0.0,2.29,n,,10.0,0.0006430041152263374,,0.0710090877914952,,0.8387560013717421,0.020040294924554183,0.06955161179698217,,,,,
107,28.04852,95.5482,2026-09-27 12:16:00+05:30,UNKNOWN,0.0,None,,0,1,0.0,3.34,n,,10.0,,0.004522462277091906,0.006472908093278463,0.00038580246913580245,0.9886188271604939,,,,,,,
108,28.06236,95.35795,2026-09-27 12:16:00+05:30,UNKNOWN,0.0,None,,0,1,0.0,5.81,l,,60.0,,0.019054355281207132,0.04458161865569273,,0.16953875171467764,0.5102880658436214,0.2565372085048011,,,,,
109,28.10741,95.53215,2026-09-27 12:16:00+05:30,UNKNOWN,0.0,None,,0,1,0.0,2.0,n,,10.0,,0.0003429355281207133,0.00280778463648834,,0.996849279835391,,,,,,,
110,28.11168,95.47498,2026-09-27 12:16:00+05:30,UNKNOWN,0.0,None,,0,1,0.0,3.16,n,,10.0,,0.025141460905349793,0.028592249657064472,0.00015003429355281208,0.9303412208504801,0.01577503429355281,,,,,,
111,28.18061,96.49761,2026-09-27 12:16:00+05:30,UNKNOWN,0.0,None,,0,1,0.0,3.36,n,,10.0,,4.286694101508916e-05,0.01511059670781893,,0.9847179355281207,0.0001286008230452675,,,,,,
112,29.24675,91.86298,2026-09-27 12:16:00+05:30,UNKNOWN,0.0,None,,0,1,0.0,2.02,l,,60.0,0.002700617283950617,0.0063443072702331965,0.768025548696845,,,0.22132201646090535,0.0016075102880658437,,,,,
113,29.55062,90.99319,2026-09-27 12:16:00+05:30,UNKNOWN,0.0,None,,0,2,0.0,4.62,l,,50.0,0.1328875171467764,0.0035579561042524007,0.30358367626886146,,0.0006430041152263374,0.5426526063100137,0.016675240054869686,,,,,
114,29.55445,90.99224,2026-09-27 12:16:00+05:30,UNKNOWN,0.0,None,,0,2,0.0,4.62,n,,50.0,0.15676440329218108,0.00589420438957476,0.38477366255144035,,0.0031721536351165982,0.4083290466392318,0.04106652949245542,,,,,
115,29.61659,91.05582,2026-09-27 12:16:00+05:30,UNKNOWN,0.0,None,,0,1,0.0,3.45,l,,30.0,0.16390174897119342,0.0021862139917695473,0.5860339506172839,,0.0019075788751714677,0.23025977366255143,0.015517832647462277,,,,0.00019290123456790122,
116,29.62152,90.97906,2026-09-27 12:16:00+05:30,UNKNOWN,0.0,None,,0,1,0.0,3.63,n,,50.0,0.384366426611797,0.029813957475994513,0.2991898148148148,,,0.2804355281207133,0.006194272976680384,,,,,
117,29.643,91.28889,2026-09-27 12:16:00+05:30,UNKNOWN,0.0,None,,0,2,0.0,7.4,l,,30.0,0.06740826474622771,0.025034293552812073,0.6193629972565158,,,0.27205504115226337,0.01613940329218107,,,,,
118,29.64673,91.2878,2026-09-27 12:16:00+05:30,UNKNOWN,0.0,None,,0,2,0.0,6.36,n,,50.0,0.08451217421124829,0.020618998628257886,0.5774176954732511,,0.013996056241426611,0.2873156721536351,0.01613940329218107,,,,,
119,8.03034,81.00542,2026-09-27 13:52:00+05:30,UNKNOWN,0.0,None,,0,1,0.0,1.3,n,,40.0,0.008750802825947335,0.617694283879255,0.048116035110254765,,0.3252515521301648,0.00010704345964461572,2.676086491115393e-05,,,,5.352172982230786e-05,
120,8.03827,80.12092,2026-09-27 13:52:00+05:30,UNKNOWN,0.0,None,,0,1,0.0,4.96,n,,30.0,0.0009430727023319616,0.12495713305898491,0.3651406035665295,,0.5085090877914952,,0.0003643689986282579,,,,8.573388203017832e-05,
121,8.04469,81.05,2026-09-27 13:52:00+05:30,UNKNOWN,0.0,None,,0,1,0.0,2.93,n,,40.0,0.0023148148148148147,0.5042009602194787,0.011445473251028807,,0.4819315843621399,0.0001071673525377229,,,,,,
122,8.05495,80.63705,2026-09-27 13:52:00+05:30,UNKNOWN,0.0,None,,0,1,0.0,8.01,n,,10.0,0.0006001371742112483,0.062178497942386834,0.1583719135802469,,0.778849451303155,,,,,,,
123,8.05781,81.02666,2026-09-27 13:52:00+05:30,UNKNOWN,0.0,None,,0,1,0.0,4.54,n,,10.0,0.0005572702331961591,0.7452632030178327,0.008787722908093279,,0.24539180384087791,,,,,,,
124,8.06301,80.13158,2026-09-27 13:52:00+05:30,UNKNOWN,0.0,None,,0,1,0.0,4.71,n,,30.0,0.0001286008230452675,0.04569615912208505,0.31460048010973934,,0.6346236282578875,0.00040723593964334706,0.004543895747599451,,,,,
125,8.07489,81.00277,2026-09-27 13:52:00+05:30,UNKNOWN,0.0,None,,0,2,0.0,4.21,n,,40.0,0.0037431048069345944,0.6387247176254268,0.01152482269503546,,0.3460073548726031,,,,,,,
126,8.07833,81.05614,2026-09-27 13:52:00+05:30,UNKNOWN,0.0,None,,0,3,0.0,8.1,n,,40.0,8.573388203017832e-05,0.8736068244170097,0.0020147462277091905,,0.12429269547325103,,,,,,,
127,8.0789,81.00222,2026-09-27 13:52:00+05:30,UNKNOWN,0.0,None,,0,2,0.0,4.21,n,,40.0,0.004355281207133059,0.652846364883402,0.010768175582990399,,0.33203017832647463,,,,,,,
128,8.08235,81.05558,2026-09-27 13:52:00+05:30,UNKNOWN,0.0,None,,0,4,0.0,5.0,n,,40.0,0.0001286008230452675,0.8981481481481481,0.002679183813443073,,0.09904406721536352,,,,,,,
129,8.08435,81.06973,2026-09-27 13:52:00+05:30,UNKNOWN,0.0,None,,0,3,0.0,2.87,n,,40.0,0.0006858710562414266,0.8130572702331962,0.012174211248285322,,0.17408264746227708,,,,,,,
130,8.08785,81.09455,2026-09-27 13:52:00+05:30,UNKNOWN,0.0,None,,0,1,0.0,3.69,n,,40.0,0.0031721536351165982,0.8756215706447188,0.028270747599451303,,0.09278549382716049,8.573388203017832e-05,6.430041152263375e-05,,,,,
131,8.08934,80.70869,2026-09-27 13:52:00+05:30,UNKNOWN,0.0,None,,0,2,0.0,2.3,n,,10.0,0.0004286694101508916,0.030049725651577503,0.0919281550068587,,0.8761359739368999,,0.0014574759945130316,,,,,
132,8.08951,80.71056,2026-09-27 13:52:00+05:30,UNKNOWN,0.0,None,,0,2,0.0,4.32,n,,10.0,0.0004715363511659808,0.029320987654320986,0.09467163923182442,,0.8741426611796982,,0.001393175582990398,,,,,
133,8.09893,81.05687,2026-09-27 13:52:00+05:30,UNKNOWN,0.0,None,,0,2,0.0,5.0,n,,40.0,0.0007073045267489712,0.8022976680384087,0.02049039780521262,,0.17650462962962962,,,,,,,
134,8.09993,81.03512,2026-09-27 13:52:00+05:30,UNKNOWN,0.0,None,,0,1,0.0,2.89,n,,40.0,0.0010073731138545952,0.7991040809327846,0.009859396433470507,,0.19002914951989025,,,,,,,
135,8.12448,81.00657,2026-09-27 13:52:00+05:30,UNKNOWN,0.0,None,,0,1,0.0,3.4,n,,40.0,0.00029708853238265005,0.9086947910477322,0.012551990493166965,,0.07845612992671816,,,,,,,
136,8.13166,80.98633,2026-09-27 13:52:00+05:30,UNKNOWN,0.0,None,,0,2,0.0,3.34,n,,40.0,0.005422668038408779,0.5959362139917695,0.029106652949245543,,0.36953446502057613,,,,,,,
137,8.13396,80.98734,2026-09-27 13:52:00+05:30,UNKNOWN,0.0,None,,0,2,0.0,3.27,n,,40.0,0.0038580246913580245,0.5944573045267489,0.01230281207133059,,0.3893818587105624,,,,,,,
138,8.13616,80.10368,2026-09-27 13:52:00+05:30,UNKNOWN,0.0,None,,0,2,0.0,4.9,n,,10.0,0.0013717421124828531,0.356738683127572,0.0954861111111111,2.143347050754458e-05,0.5451174554183813,,0.0012645747599451303,,,,,
139,8.13797,80.08911,2026-09-27 13:52:00+05:30,UNKNOWN,0.0,None,,0,2,0.0,4.67,n,,40.0,0.0001071673525377229,0.11379029492455418,0.34848679698216734,2.143347050754458e-05,0.5360725308641975,0.0008787722908093279,0.0006430041152263374,,,,,
140,8.1466,81.00569,2026-09-27 13:52:00+05:30,UNKNOWN,0.0,None,,0,1,0.0,4.26,n,,40.0,0.0012889309764309764,0.5051820286195287,0.013073442760942761,,0.48045559764309764,,,,,,,
141,8.16044,80.13832,2026-09-27 13:52:00+05:30,UNKNOWN,0.0,None,,0,1,0.0,12.11,n,,40.0,0.005358367626886146,0.6018304183813443,0.03547239368998628,,0.33065414951989025,,0.026684670781893006,,,,,
142,8.17165,81.00937,2026-09-27 13:52:00+05:30,UNKNOWN,0.0,None,,0,2,0.0,3.28,n,,40.0,0.0005358367626886146,0.8488940329218106,0.0032364540466392317,,0.14733367626886146,,,,,,,
143,8.18671,81.00009,2026-09-27 13:52:00+05:30,UNKNOWN,0.0,None,,0,3,0.0,2.33,n,,40.0,0.009046890927624873,0.5673207611281006,0.0719503907577302,,0.3485813795446823,0.0030581039755351682,4.247366632687734e-05,,,,,
144,8.19122,81.00304,2026-09-27 13:52:00+05:30,UNKNOWN,0.0,None,,0,2,0.0,2.56,n,,40.0,0.010866769547325104,0.4392361111111111,0.16296939300411523,,0.3845807613168724,0.0023148148148148147,3.2150205761316875e-05,,,,,
145,8.20027,77.69137,2026-09-27 13:52:00+05:30,UNKNOWN,0.0,None,,0,1,0.0,2.28,n,,10.0,0.027670610425240053,0.26838991769547327,0.4238897462277092,0.1356310013717421,0.12896519204389575,0.015132030178326475,0.000257201646090535,,,,6.430041152263375e-05,
146,8.2036,80.27664,2026-09-27 13:52:00+05:30,UNKNOWN,0.0,None,,0,1,0.0,3.7,n,,10.0,0.0030649862825788752,0.3748499657064472,0.0589420438957476,,0.5631215706447188,,2.143347050754458e-05,,,,,
147,8.22741,80.17184,2026-09-27 13:52:00+05:30,UNKNOWN,0.0,None,,0,1,0.0,2.5,n,,10.0,0.0025291495198902607,0.21589934842249658,0.1950017146776406,0.0002357681755829904,0.5856481481481481,,0.0006858710562414266,,,,,
148,8.2398,80.41894,2026-09-27 13:52:00+05:30,UNKNOWN,0.0,None,,0,2,0.0,3.27,n,,40.0,0.0020361796982167352,0.42871227709190673,0.04138803155006859,,0.5278635116598079,,,,,,,
149,8.24055,80.20844,2026-09-27 13:52:00+05:30,UNKNOWN,0.0,None,,0,1,0.0,3.03,n,,30.0,0.0021647805212620026,0.5832904663923183,0.12609310699588477,,0.2877872085048011,8.573388203017832e-05,0.0005787037037037037,,,,,
150,8.24163,80.27826,2026-09-27 13:52:00+05:30,UNKNOWN,0.0,None,,0,3,0.0,2.38,n,,40.0,0.00017146776406035664,0.5369084362139918,0.059027777777777776,4.286694101508916e-05,0.4011059670781893,,0.0027434842249657062,,,,,
151,8.24924,80.29446,2026-09-27 13:52:00+05:30,UNKNOWN,0.0,None,,0,3,0.0,2.59,n,,30.0,0.004008058984910837,0.4229681069958848,0.03939471879286694,,0.5336291152263375,,,,,,,
152,8.2513,80.29152,2026-09-27 13:52:00+05:30,UNKNOWN,0.0,None,,0,3,0.0,3.59,n,,40.0,0.0021862139917695473,0.3843021262002744,0.0375943072702332,,0.5759173525377229,,,,,,,
153,8.25457,80.41191,2026-09-27 13:52:00+05:30,UNKNOWN,0.0,None,,0,2,0.0,2.79,n,,10.0,0.003129286694101509,0.634130658436214,0.00795181755829904,,0.3547882373113855,,,,,,,
154,8.28361,80.50256,2026-09-27 13:52:00+05:30,UNKNOWN,0.0,None,,0,2,0.0,4.2,n,,30.0,0.023898319615912208,0.09426440329218107,0.17564729080932784,,0.7003172153635117,,0.005872770919067215,,,,,
155,8.28497,80.50488,2026-09-27 13:52:00+05:30,UNKNOWN,0.0,None,,0,2,0.0,8.29,n,,10.0,0.02001886145404664,0.09156378600823045,0.16833847736625515,,0.7142061042524005,,0.005872770919067215,,,,,
156,8.30384,80.2208,2026-09-27 13:52:00+05:30,UNKNOWN,0.0,None,,0,1,0.0,2.54,n,,10.0,,0.14435442386831276,0.45074588477366256,,0.39977709190672156,0.0001286008230452675,0.004993998628257888,,,,,
157,8.3217,81.28111,2026-09-27 13:52:00+05:30,UNKNOWN,0.0,None,,0,2,0.0,2.93,n,,40.0,0.0008144718792866941,0.9659207818930041,0.010909636488340192,,0.022355109739368998,,,,,,,
158,8.3258,81.28055,2026-09-27 13:52:00+05:30,UNKNOWN,0.0,None,,0,2,0.0,2.93,n,,40.0,0.0002357681755829904,0.9697573731138546,0.022676611796982167,,0.0073302469135802465,,,,,,,
159,8.32604,80.71371,2026-09-27 13:52:00+05:30,UNKNOWN,0.0,None,,0,1,0.0,8.48,n,,40.0,0.0006001371742112483,0.11998456790123457,0.24766375171467764,,0.6300582990397805,0.001693244170096022,,,,,,
160,8.33253,80.39341,2026-09-27 13:52:00+05:30,UNKNOWN,0.0,None,,0,1,0.0,3.37,n,,40.0,0.08905606995884774,0.3185442386831276,0.048911179698216734,,0.3955332647462277,0.0029578189300411522,0.1449974279835391,,,,,
161,8.36714,77.94632,2026-09-27 13:52:00+05:30,UNKNOWN,0.0,None,,0,1,0.0,4.28,n,,10.0,0.06603652263374486,0.05319787379972565,0.19581618655692729,0.16574502743484226,0.518497085048011,0.0006215706447187929,,,,,8.573388203017832e-05,
162,8.39533,80.71962,2026-09-27 13:52:00+05:30,UNKNOWN,0.0,None,,0,1,0.0,4.85,n,,40.0,0.000664437585733882,0.15106310013717422,0.23319615912208505,0.0004929698216735253,0.6145833333333334,,,,,,,
163,8.40132,81.0484,2026-09-27 13:52:00+05:30,UNKNOWN,0.0,None,,0,1,0.0,7.53,n,,40.0,0.0004501028806584362,0.7451560356652949,0.029363854595336077,,0.22498713991769548,,,,,,4.286694101508916e-05,
164,8.48922,80.14059,2026-09-27 13:52:00+05:30,UNKNOWN,0.0,None,,0,2,0.0,5.41,n,,40.0,0.0003429355281207133,0.4418081275720165,0.07516718106995884,4.286694101508916e-05,0.4825960219478738,4.286694101508916e-05,,,,,,
165,8.49057,80.15005,2026-09-27 13:52:00+05:30,UNKNOWN,0.0,None,,0,3,0.0,7.25,n,,40.0,0.0033436213991769547,0.3513160150891632,0.1064386145404664,6.430041152263375e-05,0.538258744855967,0.0005787037037037037,,,,,,
166,8.5027,80.15318,2026-09-27 13:52:00+05:30,UNKNOWN,0.0,None,,0,2,0.0,9.19,n,,40.0,0.0030006858710562414,0.41617369684499317,0.08845593278463648,0.0002357681755829904,0.49213391632373116,,,,,,,
167,8.52456,80.44575,2026-09-27 13:52:00+05:30,UNKNOWN,0.0,None,,0,1,0.0,6.62,n,,40.0,0.0008144718792866941,0.3848593964334705,0.2125985939643347,,0.39733367626886146,,0.0043938614540466395,,,,,
168,8.53172,80.72659,2026-09-27 13:52:00+05:30,UNKNOWN,0.0,None,,0,1,0.0,4.52,n,,30.0,0.0012645747599451303,0.2164994855967078,0.18829303840877915,,0.5939429012345679,,,,,,,
169,8.61089,77.75011,2026-09-27 13:52:00+05:30,UNKNOWN,0.0,None,,0,1,0.0,7.77,n,,20.0,0.028120713305898493,0.39885545267489714,0.381965877914952,0.14255401234567902,0.04068072702331962,0.002550582990397805,0.0042866941015089165,,,,0.0009859396433470507,
170,8.61218,80.83781,2026-09-27 13:52:00+05:30,UNKNOWN,0.0,None,,0,1,0.0,7.3,n,,10.0,0.0014574759945130316,0.10221622085048011,0.31162122770919065,,0.5847050754458162,,,,,,,
171,8.63274,80.75449,2026-09-27 13:52:00+05:30,UNKNOWN,0.0,None,,0,1,0.0,4.99,n,,10.0,,0.16338734567901234,0.18121999314128945,,0.6553926611796982,,,,,,,
172,8.66394,77.87125,2026-09-27 13:52:00+05:30,UNKNOWN,0.0,None,,0,1,0.0,25.41,n,,10.0,0.04550325788751715,0.3945044581618656,0.07636745541838134,0.24614197530864199,0.2224579903978052,0.0021219135802469135,,,,,0.012902949245541839,
173,8.68536,80.82243,2026-09-27 13:52:00+05:30,UNKNOWN,0.0,None,,0,2,0.0,5.8,n,,30.0,0.00842335390946502,0.4732510288065844,0.25664437585733885,,0.2532578875171468,,0.00842335390946502,,,,,
174,8.68936,80.82189,2026-09-27 13:52:00+05:30,UNKNOWN,0.0,None,,0,2,0.0,5.58,n,,30.0,0.0020361796982167352,0.46551354595336075,0.32203789437585734,,0.21041237997256515,,,,,,,
175,8.69528,80.60642,2026-09-27 13:52:00+05:30,UNKNOWN,0.0,None,,0,1,0.0,1.82,n,,40.0,0.0031935871056241426,0.04944701646090535,0.1038880315500686,,0.8223808299039781,0.0006858710562414266,0.02040466392318244,,,,,
176,8.75533,80.24254,2026-09-27 13:52:00+05:30,UNKNOWN,0.0,None,,0,1,0.0,18.19,n,,30.0,0.003943758573388203,0.08991340877914952,0.20348936899862827,0.019204389574759947,0.6826131687242798,0.0008359053497942387,,,,,,
177,8.78117,80.85155,2026-09-27 13:52:00+05:30,UNKNOWN,0.0,None,,0,1,0.0,7.17,n,,40.0,0.009430727023319615,0.4906764403292181,0.08959190672153636,,0.4042781207133059,0.0001071673525377229,0.0059156378600823045,,,,,
178,8.80878,77.62146,2026-09-27 13:52:00+05:30,UNKNOWN,0.0,None,,0,1,0.0,12.62,n,,10.0,0.000257201646090535,0.11672668038408779,0.58414780521262,0.24575617283950618,0.05294067215363512,0.00017146776406035664,,,,,,
179,8.82786,77.6563,2026-09-27 13:52:00+05:30,UNKNOWN,0.0,None,,0,1,0.0,5.47,n,,20.0,0.048675411522633744,0.5378729423868313,0.23193158436213993,0.11061814128943759,0.06655092592592593,0.0042866941015089165,6.430041152263375e-05,,,,,
180,8.9299,80.88037,2026-09-27 13:52:00+05:30,UNKNOWN,0.0,None,,0,1,0.0,2.23,n,,30.0,,0.7243870027434842,0.11625514403292181,,0.15080589849108367,0.00038580246913580245,0.008166152263374485,,,,,
181,8.96133,77.467,2026-09-27 13:52:00+05:30,UNKNOWN,0.0,None,,0,1,0.0,2.83,n,,30.0,0.05780606995884774,0.6752829218106996,0.12911522633744857,0.046060528120713304,0.09029921124828533,0.001436042524005487,,,,,,
182,8.99111,80.74958,2026-09-27 13:52:00+05:30,UNKNOWN,0.0,None,,0,1,0.0,3.8,n,,40.0,0.002777777777777778,0.34186046511627904,0.34741602067183464,,0.2849913867355728,0.00012919896640826872,0.022825150732127476,,,,,
183,9.0081,80.69665,2026-09-27 13:52:00+05:30,UNKNOWN,0.0,None,,0,1,0.0,12.2,n,,30.0,0.0032520325203252032,0.18830171635049683,0.06996386630532972,0.0012872628726287264,0.7305555555555555,0.0007904245709123758,0.005849141824751581,,,,,
184,9.01405,80.08461,2026-09-27 13:52:00+05:30,UNKNOWN,0.0,None,,0,2,0.0,2.91,n,,40.0,,0.7229938271604939,0.08254029492455418,0.003386488340192044,0.19092935528120714,,,,,,0.00015003429355281208,
185,9.01472,80.08939,2026-09-27 13:52:00+05:30,UNKNOWN,0.0,None,,0,2,0.0,2.91,n,,40.0,,0.768732853223594,0.07859653635116598,0.0026363168724279837,0.1498628257887517,,,,,,0.00017146776406035664,
186,9.05715,80.11266,2026-09-27 13:52:00+05:30,UNKNOWN,0.0,None,,0,2,0.0,5.48,n,,40.0,0.0019290123456790122,0.40363511659807955,0.060378086419753084,0.02512002743484225,0.5086805555555556,,,,,,0.000257201646090535,
187,9.05783,80.11745,2026-09-27 13:52:00+05:30,UNKNOWN,0.0,None,,0,2,0.0,3.92,n,,40.0,0.0021219135802469135,0.41608796296296297,0.05834190672153635,0.020318930041152265,0.502872085048011,,,,,,0.000257201646090535,
188,9.12498,77.53586,2026-09-27 13:52:00+05:30,UNKNOWN,0.0,None,,0,1,0.0,8.5,n,,30.0,0.02460562414266118,0.533650548696845,0.37287808641975306,0.014253257887517147,0.04160236625514403,0.010609567901234568,0.0024005486968449933,,,,,
189,9.21012,77.44801,2026-09-27 13:52:00+05:30,UNKNOWN,0.0,None,,0,1,0.0,7.59,n,,40.0,0.011874142661179699,0.735360939643347,0.09927983539094651,0.0039651920438957475,0.1490912208504801,0.00027863511659807956,0.00015003429355281208,,,,,
190,9.35142,80.2909,2026-09-27 13:52:00+05:30,UNKNOWN,0.0,None,,0,4,0.0,12.6,n,,40.0,0.0021433470507544582,0.7834576474622771,0.04402434842249657,0.007287379972565158,0.16306584362139917,2.143347050754458e-05,,,,,,
191,9.35853,80.28487,2026-09-27 13:52:00+05:30,UNKNOWN,0.0,None,,0,4,0.0,7.3,n,,40.0,0.0002143347050754458,0.9789523319615913,0.000257201646090535,2.143347050754458e-05,0.01997599451303155,0.0005787037037037037,,,,,,
192,9.36242,80.28431,2026-09-27 13:52:00+05:30,UNKNOWN,0.0,None,,0,4,0.0,9.34,n,,40.0,,0.9388717421124828,0.0005572702331961591,0.0002357681755829904,0.0597565157750343,0.0005787037037037037,,,,,,
193,9.36312,80.28928,2026-09-27 13:52:00+05:30,UNKNOWN,0.0,None,,0,4,0.0,7.07,n,,40.0,0.00030006858710562417,0.9570044581618655,0.001993312757201646,0.0006430041152263374,0.03948045267489712,0.0005787037037037037,,,,,,
194,9.38003,77.8867,2026-09-27 13:52:00+05:30,UNKNOWN,0.0,None,,0,1,0.0,8.97,n,,20.0,0.06355024005486969,0.35603137860082307,0.21508487654320987,0.33641975308641975,0.028699417009602195,0.0002143347050754458,,,,,,
195,9.75635,78.35647,2026-09-27 13:52:00+05:30,UNKNOWN,0.0,None,,0,1,0.0,6.63,n,,40.0,0.021219135802469136,0.7713263031550068,0.00949502743484225,0.028656550068587104,0.16855281207133058,0.0004286694101508916,0.0003215020576131687,,,,,
196,9.76751,80.17534,2026-09-27 13:52:00+05:30,UNKNOWN,0.0,None,,0,1,0.0,3.76,n,,90.0,,0.25199331275720166,0.056884430727023316,,,0.0005358367626886146,0.4938914609053498,,,,0.19669495884773663,
197,9.89191,78.0665,2026-09-27 13:52:00+05:30,UNKNOWN,0.0,None,,0,1,0.0,1.65,l,,40.0,0.22395833333333334,0.28517232510288065,0.04533179012345679,0.1058170438957476,0.1803412208504801,0.0004715363511659808,0.15890775034293553,,,,,
198,9.92631,78.18157,2026-09-27 13:52:00+05:30,UNKNOWN,0.0,None,,0,1,0.0,8.44,n,,40.0,0.25323645404663925,0.3731352880658436,0.03808727709190672,0.07291666666666667,0.2270233196159122,0.02049039780521262,0.01511059670781893,,,,,
199,9.94282,77.8811,2026-09-27 13:52:00+05:30,UNKNOWN,0.0,None,,0,1,0.0,5.47,n,,10.0,0.05056155692729767,0.6183556241426612,0.09032064471879286,0.02325531550068587,0.21737825788751713,,0.0001286008230452675,,,,,
200,9.94386,77.2506,2026-09-27 13:52:00+05:30,UNKNOWN,0.0,None,,0,1,0.0,3.45,n,,10.0,,,0.2791709533607682,,0.7208076131687243,2.143347050754458e-05,,,,,,
201,10.06643,77.65262,2026-09-27 13:52:00+05:30,UNKNOWN,0.0,None,,0,1,0.0,10.87,n,,10.0,0.05799897119341564,0.37414266117969824,0.15734310699588477,0.003429355281207133,0.3909036351165981,0.01577503429355281,0.00040723593964334706,,,,,
202,10.27923,78.82413,2026-09-27 13:52:00+05:30,UNKNOWN,0.0,None,,0,1,0.0,8.43,n,,30.0,0.022890946502057613,0.33344050068587106,0.0787465706447188,0.3781935871056241,0.14289694787379972,0.022655178326474623,0.021176268861454045,,,,,
203,10.42339,77.48682,2026-09-27 13:52:00+05:30,UNKNOWN,0.0,None,,0,1,0.0,6.96,l,,30.0,0.04807527434842249,0.518025548696845,0.17671896433470508,,0.24633487654320987,0.001993312757201646,0.008852023319615912,,,,,
204,10.47881,79.23418,2026-09-27 13:52:00+05:30,UNKNOWN,0.0,None,,0,2,0.0,4.48,n,,10.0,0.03215020576131687,0.6535065157750343,0.01731824417009602,0.03410065157750343,0.2620241769547325,0.0006001371742112483,,,,,0.00030006858710562417,
205,10.4801,79.2324,2026-09-27 13:52:00+05:30,UNKNOWN,0.0,None,,0,2,0.0,3.54,n,,10.0,0.033371913580246916,0.5925068587105624,0.018046982167352538,0.046532064471879284,0.30834190672153633,0.0006430041152263374,,,,,0.0005572702331961591,
206,10.66042,77.4556,2026-09-27 13:52:00+05:30,UNKNOWN,0.0,None,,0,1,0.0,6.77,n,,40.0,0.06277863511659808,0.6166838134430727,0.12990826474622771,0.0030006858710562414,0.18659979423868311,0.00102880658436214,,,,,,
207,10.92191,77.35416,2026-09-27 13:52:00+05:30,UNKNOWN,0.0,None,,0,1,0.0,7.71,l,,40.0,0.03757287379972565,0.4726294581618656,0.41225137174211246,0.01538923182441701,0.06159979423868313,0.0005572702331961591,,,,,,
208,11.02565,78.14141,2026-09-27 13:52:00+05:30,UNKNOWN,0.0,None,,0,1,0.0,4.28,n,,40.0,0.026170267489711935,0.09647205075445817,0.172110768175583,0.021283436213991768,0.5429312414266118,0.013460219478737998,0.12757201646090535,,,,,
209,11.14605,77.8438,2026-09-27 13:52:00+05:30,UNKNOWN,0.0,None,,0,3,0.0,5.31,n,,30.0,0.07808213305898491,0.44260116598079563,0.17491855281207133,0.0003429355281207133,0.3039909122085048,6.430041152263375e-05,,,,,,
210,11.14791,77.84306,2026-09-27 13:52:00+05:30,UNKNOWN,0.0,None,,0,3,0.0,4.1,n,,10.0,0.09319272976680384,0.4253472222222222,0.18257030178326475,0.0003643689986282579,0.2984610768175583,6.430041152263375e-05,,,,,,
211,11.14849,77.84699,2026-09-27 13:52:00+05:30,UNKNOWN,0.0,None,,0,3,0.0,4.07,n,,10.0,0.08894890260631001,0.42281807270233196,0.17974108367626887,0.0013503086419753086,0.30705589849108367,8.573388203017832e-05,,,,,,
212,11.27888,77.81625,2026-09-27 13:52:00+05:30,UNKNOWN,0.0,None,,0,1,0.0,2.67,l,,10.0,0.03958762002743484,0.08333333333333333,0.043402777777777776,,0.8335905349794238,8.573388203017832e-05,,,,,,
213,11.37239,78.01762,2026-09-27 13:52:00+05:30,UNKNOWN,0.0,None,,0,1,0.0,8.6,n,,40.0,0.04764660493827161,0.5130744170096022,0.19594478737997256,0.001950445816186557,0.24059070644718794,0.0006430041152263374,0.00015003429355281208,,,,,
214,11.64865,79.12267,2026-09-27 13:52:00+05:30,UNKNOWN,0.0,None,,0,2,0.0,5.93,l,,20.0,0.004243827160493827,0.5035579561042524,0.00102880658436214,0.33982767489711935,0.15134173525377229,,,,,,,
215,11.65116,79.12172,2026-09-27 13:52:00+05:30,UNKNOWN,0.0,None,,0,2,0.0,5.12,l,,20.0,0.006901577503429355,0.5032364540466392,0.0011145404663923182,0.3705632716049383,0.11818415637860083,,,,,,,
216,11.74017,78.67493,2026-09-27 13:52:00+05:30,UNKNOWN,0.0,None,,0,1,0.0,4.28,n,,10.0,0.003536522633744856,0.18222736625514405,0.0441315157750343,0.24477023319615912,0.5253343621399177,,,,,,,
217,11.88054,78.71826,2026-09-27 13:52:00+05:30,UNKNOWN,0.0,None,,0,1,0.0,3.06,n,,20.0,0.004843964334705075,0.22498713991769548,0.14107510288065844,0.36925582990397804,0.25983796296296297,,,,,,,
218,12.06214,79.02194,2026-09-27 13:52:00+05:30,UNKNOWN,0.0,None,,0,1,0.0,4.38,n,,40.0,0.003986625514403292,0.4470807613168724,0.003022119341563786,0.018647119341563784,0.5271776406035665,,8.573388203017832e-05,,,,,
219,12.10548,77.21794,2026-09-27 13:52:00+05:30,UNKNOWN,0.0,None,,0,1,0.0,4.14,n,,10.0,0.0012431412894375858,0.6308942043895748,0.09921553497942387,,0.26864711934156377,,,,,,,
220,12.14164,77.17777,2026-09-27 13:52:00+05:30,UNKNOWN,0.0,None,,0,1,0.0,6.99,n,,30.0,0.023319615912208505,0.35521690672153633,0.521883573388203,0.02531292866941015,0.07283093278463648,0.001436042524005487,,,,,,
221,12.20687,77.41151,2026-09-27 13:52:00+05:30,UNKNOWN,0.0,None,,0,1,0.0,3.36,l,,30.0,0.0021433470507544582,0.5285708161865569,0.2740269204389575,0.07735339506172839,0.11786265432098765,4.286694101508916e-05,,,,,,
222,12.23396,78.08109,2026-09-27 13:52:00+05:30,UNKNOWN,0.0,None,,0,1,0.0,4.82,l,,40.0,0.021862139917695474,0.8028120713305898,0.10658864883401921,,0.06873713991769548,,,,,,,
223,12.26475,79.86574,2026-09-27 13:52:00+05:30,UNKNOWN,0.0,None,,0,1,0.0,3.38,l,,30.0,0.0102880658436214,0.6042524005486969,0.11863425925925926,0.00360082304526749,0.24948559670781892,0.012624314128943758,,,,,0.0011145404663923182,
224,12.33998,79.92065,2026-09-27 13:52:00+05:30,UNKNOWN,0.0,None,,0,1,0.0,7.86,n,,40.0,0.015024862825788752,0.6147333676268861,0.1487482853223594,0.01431755829903978,0.20597565157750342,2.143347050754458e-05,,,,,0.001178840877914952,
225,12.43251,76.86746,2026-09-27 13:52:00+05:30,UNKNOWN,0.0,None,,0,1,0.0,2.1,l,,30.0,0.012602880658436214,0.34574331275720166,0.4354209533607682,0.0032150205761316874,0.19815243484224965,0.0032578875171467765,0.0016075102880658437,,,,,
226,12.55367,78.35545,2026-09-27 13:52:00+05:30,UNKNOWN,0.0,None,,0,1,0.0,2.22,l,,40.0,0.15324931412894377,0.21769975994513033,0.12142061042524005,0.24455589849108367,0.24785665294924555,0.015217764060356654,,,,,,
227,13.39256,80.10107,2026-09-27 13:52:00+05:30,UNKNOWN,0.0,None,,0,1,0.0,3.02,l,,20.0,0.06886574074074074,0.2729766803840878,0.2513074417009602,0.07688185871056241,0.3044624485596708,0.012195644718792868,0.012560013717421124,,,,0.0007501714677640603,
228,13.61226,77.54227,2026-09-27 13:54:00+05:30,UNKNOWN,0.0,None,,0,1,0.0,4.72,n,,20.0,0.025270061728395063,0.7974537037037037,0.011766975308641976,0.057656035665294925,0.04738940329218107,0.00411522633744856,0.056348593964334705,,,,,
229,13.70918,77.61553,2026-09-27 13:54:00+05:30,UNKNOWN,0.0,None,,0,1,0.0,3.32,n,,40.0,0.06800840192043896,0.8332690329218106,0.013074417009602195,0.01926868998628258,0.0637002743484225,0.002679183813443073,,,,,,
230,13.72947,76.88873,2026-09-27 13:54:00+05:30,UNKNOWN,0.0,None,,0,1,0.0,4.83,l,,40.0,0.09368569958847736,0.23641117969821673,0.07261659807956104,0.5298782578875172,0.03307184499314129,0.033136145404663926,0.0012002743484224967,,,,,
231,13.81099,77.41521,2026-09-27 13:54:00+05:30,UNKNOWN,0.0,None,,0,1,0.0,3.1,n,,40.0,0.030285493827160493,0.806241426611797,0.0032578875171467765,0.09632201646090535,0.03795867626886145,0.025934499314128945,,,,,,
232,13.85753,78.67841,2026-09-27 13:54:00+05:30,UNKNOWN,0.0,None,,0,1,0.0,2.3,n,,40.0,0.008316186556927297,0.3277391975308642,0.017575445816186558,0.4873542524005487,0.14921982167352538,0.009795096021947874,,,,,,
233,13.86644,77.47735,2026-09-27 13:54:00+05:30,UNKNOWN,0.0,None,,0,1,0.0,1.76,l,,40.0,0.10163751714677641,0.7375900205761317,0.00640860768175583,0.10841049382716049,0.04396004801097394,0.001736111111111111,0.000257201646090535,,,,,
234,13.89763,77.36954,2026-09-27 13:54:00+05:30,UNKNOWN,0.0,None,,0,1,0.0,5.57,n,,40.0,0.010266632373113855,0.8685699588477366,0.014296124828532236,0.08005401234567901,0.026556069958847735,0.000257201646090535,,,,,,
235,14.01699,77.36533,2026-09-27 13:54:00+05:30,UNKNOWN,0.0,None,,0,1,0.0,4.09,n,,40.0,0.08058984910836763,0.6555641289437586,0.05394804526748971,0.1637088477366255,0.0440886488340192,0.002100480109739369,,,,,,
236,14.10379,79.68596,2026-09-27 13:54:00+05:30,UNKNOWN,0.0,None,,0,2,0.0,1.81,n,,40.0,0.0037722908093278463,0.41540209190672156,0.00510116598079561,0.22108624828532236,0.3398705418381344,0.011917009602194788,0.0024005486968449933,,,,0.0004501028806584362,
237,14.10551,79.685,2026-09-27 13:54:00+05:30,UNKNOWN,0.0,None,,0,2,0.0,3.11,l,,20.0,0.006301440329218107,0.39551183127572015,0.008723422496570645,0.23150291495198902,0.3438143004115226,0.011102537722908094,0.002722050754458162,,,,0.0003215020576131687,
238,14.18867,79.13255,2026-09-27 13:54:00+05:30,UNKNOWN,0.0,None,,0,1,0.0,1.69,l,,10.0,0.024862825788751715,0.4886616941015089,0.0004501028806584362,0.0745670438957476,0.3836805555555556,2.143347050754458e-05,0.027756344307270232,,,,,
239,14.38672,77.63612,2026-09-27 13:54:00+05:30,UNKNOWN,0.0,None,,0,1,0.0,18.9,n,,40.0,0.031207133058984912,0.7941315157750343,0.010588134430727023,0.1147548010973937,0.03673696844993141,0.011166838134430727,0.0014146090534979425,,,,,
240,14.46894,79.64742,2026-09-27 13:54:00+05:30,UNKNOWN,0.0,None,,0,1,0.0,6.21,n,,20.0,0.000257201646090535,0.1986025377229081,0.00015003429355281208,0.43925754458161864,0.36136831275720166,0.0003643689986282579,,,,,,
241,14.51924,76.49609,2026-09-27 13:54:00+05:30,UNKNOWN,0.0,None,,0,1,0.0,3.66,n,,40.0,0.011295438957475994,0.7641460905349794,0.01000943072702332,0.14131087105624143,0.07199502743484225,0.0012431412894375858,,,,,,
242,14.62416,75.55452,2026-09-27 13:54:00+05:30,UNKNOWN,0.0,None,,0,1,0.0,4.77,n,,40.0,0.002872085048010974,0.9458161865569273,0.01431755829903978,0.004651063100137174,0.032343106995884774,,,,,,,
243,14.69708,75.47301,2026-09-27 13:54:00+05:30,UNKNOWN,0.0,None,,0,1,0.0,3.49,l,,40.0,0.0010073731138545952,0.9823816872427984,0.0037722908093278463,0.006258573388203018,0.006258573388203018,0.0003215020576131687,,,,,,
244,14.95208,75.54642,2026-09-27 13:54:00+05:30,UNKNOWN,0.0,None,,0,1,0.0,7.5,l,,40.0,0.00040723593964334706,0.9821030521262003,0.0020361796982167352,0.007051611796982167,0.00838048696844993,2.143347050754458e-05,,,,,,
245,15.11137,76.07067,2026-09-27 13:54:00+05:30,UNKNOWN,0.0,None,,0,1,0.0,2.96,n,,20.0,0.027756344307270232,0.6395533264746228,0.009559327846364884,0.2982681755829904,0.020983367626886146,0.003472222222222222,0.00040723593964334706,,,,,
246,15.17385,76.69294,2026-09-27 13:54:00+05:30,UNKNOWN,0.0,None,,0,4,0.47847222222222224,3.07,l,,20.0,0.18737139917695472,0.011359739368998627,0.024969993141289438,0.375,0.10108024691358025,0.2986111111111111,0.0016075102880658437,,,,,
247,15.30793,75.01715,2026-09-27 13:54:00+05:30,UNKNOWN,0.0,None,,0,1,0.0,5.39,l,,40.0,0.017275377229080933,0.8329046639231824,0.012602880658436214,0.08219735939643347,0.05429098079561043,0.0006001371742112483,0.0001286008230452675,,,,,
248,15.33205,75.15632,2026-09-27 13:54:00+05:30,UNKNOWN,0.0,None,,0,3,1.0013888888888889,5.6,l,,10.0,0.2401406035665295,0.4821459190672154,0.13430212620027435,0.05345507544581619,0.08179012345679013,0.008166152263374485,,,,,,
249,15.3379,76.27862,2026-09-27 13:54:00+05:30,UNKNOWN,0.0,None,,0,1,0.0,3.91,n,,50.0,0.08159722222222222,0.48386059670781895,0.06515775034293553,0.1562928669410151,0.11511917009602195,0.08807013031550069,0.009902263374485597,,,,,
250,15.39884,79.59285,2026-09-27 13:54:00+05:30,UNKNOWN,0.0,None,,0,1,0.0,4.96,n,,40.0,0.02464849108367627,0.719928840877915,0.02016889574759945,0.17258230452674897,0.0440886488340192,0.018454218106995886,0.0001286008230452675,,,,,
251,15.42412,75.31882,2026-09-27 13:54:00+05:30,UNKNOWN,0.0,None,,0,1,0.0,8.19,n,,40.0,0.05984224965706447,0.8460648148148148,0.014703360768175583,0.01699674211248285,0.0541838134430727,0.0008359053497942387,0.007373113854595336,,,,,
252,15.52572,73.99332,2026-09-27 13:54:00+05:30,UNKNOWN,0.0,None,,0,1,0.0,2.97,n,,60.0,0.048568244170096024,0.0486539780521262,0.1838563100137174,,0.545181755829904,0.07178069272976681,0.09855109739368999,,,0.0020790466392318243,0.001328875171467764,
253,15.5578,76.13187,2026-09-27 13:54:00+05:30,UNKNOWN,0.0,None,,0,1,0.0,5.43,n,,40.0,0.0002357681755829904,0.9695430384087792,0.01273148148148148,0.012517146776406037,0.004672496570644719,0.00030006858710562417,,,,,,
254,15.7029,79.44255,2026-09-27 13:54:00+05:30,UNKNOWN,0.0,None,,0,1,0.0,3.21,n,,40.0,,0.6392746913580247,0.0026363168724279837,0.3514446159122085,0.006430041152263375,0.0002143347050754458,,,,,,
255,15.8245,79.96976,2026-09-27 13:54:00+05:30,UNKNOWN,0.0,None,,0,1,0.0,13.55,n,,50.0,0.167781207133059,0.6131044238683128,0.016739540466392318,0.024498456790123458,0.17509002057613168,0.0016075102880658437,0.001178840877914952,,,,,
256,15.90365,76.3449,2026-09-27 13:54:00+05:30,UNKNOWN,0.0,None,,0,1,0.0,2.17,n,,40.0,0.01099537037037037,0.8897247942386831,0.011724108367626886,0.047260802469135804,0.03665123456790124,0.003643689986282579,,,,,,
257,15.98391,80.04118,2026-09-27 13:54:00+05:30,UNKNOWN,0.0,None,,0,2,0.0,3.99,l,,40.0,0.025184327846364884,0.6729681069958847,0.03172153635116598,0.1257716049382716,0.12311385459533608,0.013395919067215363,0.007394547325102881,,,,0.0004501028806584362,
258,15.98476,80.04073,2026-09-27 13:54:00+05:30,UNKNOWN,0.0,None,,0,2,0.0,3.03,l,,40.0,0.026127400548696843,0.6799125514403292,0.030478395061728395,0.1135545267489712,0.1327374828532236,0.013395919067215363,0.003429355281207133,,,,0.0003643689986282579,
259,15.99533,77.80796,2026-09-27 13:54:00+05:30,UNKNOWN,0.0,None,,0,1,0.0,4.8,n,,40.0,0.019890260631001373,0.9311342592592593,0.008723422496570645,0.027542009602194786,0.012688614540466393,2.143347050754458e-05,,,,,,
260,16.08503,79.32872,2026-09-27 13:54:00+05:30,UNKNOWN,0.0,None,,0,1,0.0,1.79,n,,40.0,0.0009645061728395061,0.667781207133059,0.0085090877914952,0.3004115226337449,0.022333676268861454,,,,,,,
261,16.45071,75.38167,2026-09-27 13:54:00+05:30,UNKNOWN,0.0,None,,0,1,0.0,1.83,l,,30.0,0.012688614540466393,0.5864411865569273,0.15352794924554183,0.09017061042524005,0.12907235939643347,0.028099279835390945,,,,,,
262,16.83079,77.67356,2026-09-27 13:54:00+05:30,UNKNOWN,0.0,None,,0,1,0.0,12.51,n,,40.0,0.04029492455418381,0.8582818930041153,0.06552211934156378,0.012088477366255145,0.021111968449931413,0.002700617283950617,,,,,,
263,16.89094,75.81751,2026-09-27 13:54:00+05:30,UNKNOWN,0.0,None,,0,1,0.0,2.17,n,,40.0,0.013138717421124829,0.6100608710562414,0.2563871742112483,0.07490997942386832,0.00565843621399177,0.03643689986282579,0.0034079218106995886,,,,,
264,16.93526,79.23578,2026-09-27 13:54:00+05:30,UNKNOWN,0.0,None,,0,1,0.0,5.58,n,,40.0,0.01020233196159122,0.6852494855967078,0.1726466049382716,0.014917695473251029,0.05799897119341564,0.022805212620027434,0.03617969821673525,,,,,
265,16.94045,79.37148,2026-09-27 13:54:00+05:30,UNKNOWN,0.0,None,,0,2,0.014583333333333334,3.61,n,,40.0,0.0020361796982167352,0.9493527091906722,0.020618998628257886,0.007073045267489712,0.02091906721536351,,,,,,,
266,16.99912,74.86642,2026-09-27 13:54:00+05:30,UNKNOWN,0.0,None,,0,1,0.0,1.28,n,,10.0,0.1222565157750343,0.5888631687242798,0.16919581618655694,0.03830161179698217,0.07351680384087791,0.007073045267489712,0.0007930384087791496,,,,,
267,17.76327,73.14639,2026-09-27 13:54:00+05:30,UNKNOWN,0.0,None,,0,2,0.014583333333333334,5.63,n,,10.0,0.0001071673525377229,0.0012431412894375858,0.07345250342935528,0.056219993141289434,0.86897719478738,,,,,,,
268,17.88352,74.90646,2026-09-27 13:54:00+05:30,UNKNOWN,0.0,None,,0,1,0.0,2.45,l,,40.0,0.022376543209876542,0.8708419067215364,0.013438786008230452,0.00874485596707819,0.08209019204389575,0.002507716049382716,,,,,,
269,18.04828,75.01175,2026-09-27 13:54:00+05:30,UNKNOWN,0.0,None,,0,1,0.0,1.57,n,,10.0,0.011959876543209876,0.914437585733882,0.003493655692729767,0.0013074417009602195,0.06875857338820301,4.286694101508916e-05,,,,,,
270,18.19241,74.60732,2026-09-27 13:54:00+05:30,UNKNOWN,0.0,None,,0,2,0.014583333333333334,5.47,n,,30.0,0.4049211248285322,0.22397976680384088,0.18945044581618656,0.08301183127572016,0.06633659122085048,0.030757030178326476,0.0015432098765432098,,,,,
271,18.48659,74.18896,2026-09-27 13:54:00+05:30,UNKNOWN,0.0,None,,0,1,0.0,2.62,l,,40.0,0.07694615912208505,0.5209190672153635,0.15003429355281206,0.11739111796982167,0.12742198216735254,0.007137345679012345,0.00015003429355281208,,,,,
272,18.51423,74.39696,2026-09-27 13:54:00+05:30,UNKNOWN,0.0,None,,0,1,0.0,2.74,l,,30.0,0.010030864197530864,0.8293895747599451,0.0882630315500686,0.043874314128943756,0.024284122085048012,0.004158093278463649,,,,,,
273,18.68288,74.45898,2026-09-27 13:54:00+05:30,UNKNOWN,0.0,None,,0,1,0.0,1.5,n,,20.0,0.0037722908093278463,0.4017918381344307,0.03315757887517147,0.3514017489711934,0.131730109739369,0.0028506515775034292,0.07529578189300412,,,,,
274,18.68787,74.26351,2026-09-27 13:54:00+05:30,UNKNOWN,0.0,None,,0,1,0.0,1.42,n,,40.0,0.0257201646090535,0.43314900548696844,0.11674811385459534,0.35911779835390945,0.06254286694101509,0.0022505144032921812,0.0004715363511659808,,,,,
275,18.6921,73.04102,2026-09-27 13:54:00+05:30,UNKNOWN,0.0,None,,0,7,0.4798611111111111,7.68,n,,50.0,0.5240269204389575,0.109375,0.01594650205761317,,0.10114454732510288,0.165380658436214,0.04552469135802469,,,0.03860168038408779,,
276,18.91752,74.21046,2026-09-27 13:54:00+05:30,UNKNOWN,0.0,None,,0,1,0.0,2.05,l,,10.0,0.03017832647462277,0.4539394718792867,0.2820859053497942,0.10375943072702332,0.07523148148148148,0.01823988340192044,0.036565500685871055,,,,,
277,19.0974,82.16925,2026-09-27 13:54:00+05:30,UNKNOWN,0.0,None,,0,1,0.0,3.29,n,,50.0,0.45237482853223593,0.12122770919067215,0.14906978737997256,0.02535579561042524,0.14161093964334706,0.10819615912208505,0.0021647805212620026,,,,,
278,19.3721,74.62598,2026-09-27 13:54:00+05:30,UNKNOWN,0.0,None,,0,1,0.0,1.61,n,,40.0,0.028978052126200273,0.7895661865569273,0.01305298353909465,0.025612997256515776,0.1385030864197531,0.0003429355281207133,0.003943758573388203,,,,,
279,19.29469,73.11477,2026-09-27 13:56:00+05:30,UNKNOWN,0.0,None,,0,1,0.0,1.84,l,,40.0,0.2133701989026063,0.4766803840877915,0.12099194101508916,,0.17193930041152264,0.016310871056241426,0.0007073045267489712,,,,,
280,20.77246,75.49954,2026-09-27 13:56:00+05:30,UNKNOWN,0.0,None,,0,2,0.014583333333333334,1.99,l,,10.0,0.00038580246913580245,0.6730752743484225,0.12905092592592593,0.030392661179698216,0.10845336076817558,0.0012431412894375858,0.05739883401920439,,,,,
281,20.78609,85.26402,2026-09-27 13:56:00+05:30,UNKNOWN,0.0,None,,0,1,0.0,4.64,n,,50.0,0.5563914609053497,0.07883230452674897,0.07038751714677641,,0.22252229080932784,0.04918981481481482,0.022676611796982167,,,,,
282,20.87626,74.19411,2026-09-27 13:56:00+05:30,UNKNOWN,0.0,None,,0,1,0.0,1.61,l,,40.0,0.006687242798353909,0.3109782235939643,0.6479552469135802,0.02353395061728395,0.007030178326474623,0.003793724279835391,2.143347050754458e-05,,,,,
283,21.10337,72.63438,2026-09-27 13:56:00+05:30,UNKNOWN,0.0,None,,0,11,1.0013888888888889,4.55,l,,10.0,0.29974708504801095,0.051054526748971193,0.024434156378600823,6.430041152263375e-05,0.4403506515775034,0.1677383401920439,0.01661093964334705,,,,,
284,21.10394,72.63806,2026-09-27 13:56:00+05:30,UNKNOWN,0.0,None,,0,11,1.0013888888888889,6.85,n,,50.0,0.3944615912208505,0.027049039780521263,0.010631001371742112,,0.35830332647462276,0.17631172839506173,0.033243312757201646,,,,,
285,21.10507,72.64541,2026-09-27 13:56:00+05:30,UNKNOWN,0.0,None,,0,11,1.0013888888888889,11.89,n,,50.0,0.5733667695473251,0.026684670781893006,0.0087019890260631,,0.20074588477366256,0.1441400891632373,0.04636059670781893,,,,,
286,21.11053,72.6369,2026-09-27 13:56:00+05:30,UNKNOWN,0.0,None,,0,11,1.0013888888888889,3.51,l,,60.0,0.5255701303155007,0.016268004115226338,0.004200960219478738,,0.2164994855967078,0.20863340192043897,0.028828017832647462,,,,,
287,21.22413,71.26891,2026-09-27 13:56:00+05:30,UNKNOWN,0.0,None,,0,1,0.0,1.28,l,,20.0,0.0001071673525377229,0.42275377229080935,0.15282064471879286,0.40267061042524005,0.008894890260631002,0.012752914951989026,,,,,,
288,21.22655,75.58693,2026-09-27 13:56:00+05:30,UNKNOWN,0.0,None,,0,2,0.0,3.58,n,,40.0,0.06275720164609054,0.821394890260631,0.007180212620027435,0.0009645061728395061,0.10768175582990398,,2.143347050754458e-05,,,,,
289,21.22847,75.58567,2026-09-27 13:56:00+05:30,UNKNOWN,0.0,None,,0,2,0.0,3.11,n,,40.0,0.04076646090534979,0.8388631687242798,0.006987311385459534,0.00038580246913580245,0.11280435528120714,0.00019290123456790122,,,,,,
290,21.30872,74.51622,2026-09-27 13:56:00+05:30,UNKNOWN,0.0,None,,0,1,0.0,0.8,n,,40.0,0.0004715363511659808,0.6267789780521262,0.2171639231824417,0.13031550068587106,0.008830589849108368,0.016439471879286693,,,,,,
291,21.67847,84.04064,2026-09-27 13:56:00+05:30,UNKNOWN,0.0,None,,0,1,0.0,3.5,n,,50.0,0.19973851165980797,0.19506601508916324,0.14624056927297668,,0.33412637174211246,0.1117326817558299,0.01309585048010974,,,,,
292,21.7489,83.97469,2026-09-27 13:56:00+05:30,UNKNOWN,0.0,None,,0,2,0.0,3.02,n,,30.0,0.019161522633744855,0.16666666666666666,0.21718535665294925,8.573388203017832e-05,0.29685356652949246,0.27739197530864196,0.022655178326474623,,,,,
293,21.74951,83.97503,2026-09-27 13:56:00+05:30,UNKNOWN,0.0,None,,0,2,0.0,3.39,n,,30.0,0.016503772290809328,0.15213477366255143,0.21834276406035666,8.573388203017832e-05,0.30463391632373116,0.2799854252400549,0.02831361454046639,,,,,
294,21.75538,83.84494,2026-09-27 13:56:00+05:30,UNKNOWN,0.0,None,,0,1,0.0,6.19,n,,60.0,0.002207647462277092,0.0043938614540466395,0.2190286351165981,0.0001071673525377229,0.29698216735253774,0.44774519890260633,0.029535322359396432,,,,,
295,21.9177,83.3524,2026-09-27 13:56:00+05:30,UNKNOWN,0.0,None,,0,1,0.0,4.26,n,,50.0,0.3767361111111111,0.18608539094650206,0.03009259259259259,,0.22867369684499314,0.15464248971193414,0.02376971879286694,,,,,
296,22.03843,83.73097,2026-09-27 13:56:00+05:30,UNKNOWN,0.0,None,,0,2,0.0,5.45,n,,10.0,0.011123971193415638,0.11492626886145405,0.258894890260631,0.009880829903978053,0.2907664609053498,0.2620884773662551,0.052319101508916326,,,,,
297,22.03895,83.73116,2026-09-27 13:56:00+05:30,UNKNOWN,0.0,None,,0,2,0.0,4.44,n,,30.0,0.01123113854595336,0.11664094650205761,0.252400548696845,0.00977366255144033,0.28725137174211246,0.269954561042524,0.05274777091906722,,,,,
298,22.37467,73.15179,2026-09-27 13:56:00+05:30,UNKNOWN,0.0,None,,0,1,0.0,2.57,l,,50.0,0.4422153635116598,0.08451217421124829,0.0605281207133059,0.0003429355281207133,0.3631687242798354,0.03245027434842249,0.01678240740740741,,,,,
299,22.41552,69.04062,2026-09-27 13:56:00+05:30,UNKNOWN,0.0,None,,0,1,0.0,4.99,l,,10.0,0.024712791495198904,0.13918895747599452,0.12857938957475995,0.22147205075445817,0.12495713305898491,0.27983539094650206,0.07881087105624143,,,,0.0024434156378600825,
300,22.64609,75.47324,2026-09-27 13:56:00+05:30,UNKNOWN,0.0,None,,0,1,0.0,3.76,n,,40.0,0.014231824417009603,0.9539823388203018,0.01155264060356653,,0.018754286694101507,0.0013503086419753086,0.0001286008230452675,,,,,
301,22.66642,75.7078,2026-09-27 13:56:00+05:30,UNKNOWN,0.0,None,,0,1,0.0,2.37,l,,40.0,0.010330932784636489,0.9672282235939643,0.006087105624142661,,0.016225137174211247,0.0001286008230452675,,,,,,
302,22.66957,76.05021,2026-09-27 13:56:00+05:30,UNKNOWN,0.0,None,,0,1,0.0,1.62,l,,40.0,0.0011574074074074073,0.9776663237311386,0.007608882030178327,,0.007973251028806584,0.0020147462277091905,0.003579389574759945,,,,,
303,22.69703,72.85466,2026-09-27 13:56:00+05:30,UNKNOWN,0.0,None,,0,1,0.0,0.95,l,,50.0,0.8426354595336076,0.018218449931412896,0.028892318244170098,0.0006430041152263374,0.0961076817558299,0.0038151577503429354,0.00968792866941015,,,,,
304,22.70515,75.26643,2026-09-27 13:56:00+05:30,UNKNOWN,0.0,None,,0,1,0.0,1.77,l,,40.0,0.0033007544581618656,0.9810742455418381,0.010095164609053497,,0.005529835390946502,,,,,,,
305,22.77109,75.62643,2026-09-27 13:56:00+05:30,UNKNOWN,0.0,None,,0,1,0.0,1.69,n,,40.0,6.430041152263375e-05,0.9992926954732511,0.0001071673525377229,,0.0005358367626886146,,,,,,,
306,22.8201,75.66788,2026-09-27 13:56:00+05:30,UNKNOWN,0.0,None,,0,1,0.0,1.71,l,,40.0,0.015046296296296295,0.9304269547325102,0.03497942386831276,,0.0193758573388203,0.00017146776406035664,,,,,,
307,22.89193,75.8917,2026-09-27 13:56:00+05:30,UNKNOWN,0.0,None,,0,1,0.0,2.64,l,,40.0,0.04914694787379972,0.859610768175583,0.012131344307270232,,0.07868227023319616,0.0004286694101508916,,,,,,
308,22.91081,75.5388,2026-09-27 13:56:00+05:30,UNKNOWN,0.0,None,,0,1,0.0,1.51,n,,10.0,0.006280006858710562,0.9723936899862826,0.0033221879286694104,,0.017768347050754457,0.0002357681755829904,,,,,,
309,22.95397,75.3756,2026-09-27 13:56:00+05:30,UNKNOWN,0.0,None,,0,1,0.0,1.94,l,,40.0,0.0012431412894375858,0.9768732853223594,0.004843964334705075,,0.017039609053497943,,,,,,,
310,22.95856,75.75899,2026-09-27 13:56:00+05:30,UNKNOWN,0.0,None,,0,2,1.0,3.24,n,,40.0,0.009516460905349794,0.9814814814814815,0.0033650548696844995,,0.005572702331961592,6.430041152263375e-05,,,,,,
311,23.01009,75.44552,2026-09-27 13:56:00+05:30,UNKNOWN,0.0,None,,0,1,0.0,2.95,n,,40.0,0.00019290123456790122,0.9988854595336076,0.0002143347050754458,,0.0007073045267489712,,,,,,,
312,23.01133,76.01614,2026-09-27 13:56:00+05:30,UNKNOWN,0.0,None,,0,2,0.0,1.34,l,,40.0,0.017039609053497943,0.9565543552812071,0.009816529492455418,,0.016568072702331963,2.143347050754458e-05,,,,,,
313,23.01255,76.01775,2026-09-27 13:56:00+05:30,UNKNOWN,0.0,None,,0,2,0.0,2.39,n,,40.0,0.031400034293552814,0.9392146776406035,0.008959190672153635,,0.016203703703703703,4.286694101508916e-05,0.0041795267489711935,,,,,
314,23.01902,75.30022,2026-09-27 13:56:00+05:30,UNKNOWN,0.0,None,,0,1,0.0,2.16,l,,40.0,0.008166152263374485,0.9778377914951989,0.0024434156378600825,,0.01155264060356653,,,,,,,
315,23.04988,76.04926,2026-09-27 13:56:00+05:30,UNKNOWN,0.0,None,,0,1,0.0,3.25,l,,40.0,0.006687242798353909,0.9841820987654321,0.002764917695473251,,0.00565843621399177,0.0006215706447187929,8.573388203017832e-05,,,,,
316,23.1048,75.48012,2026-09-27 13:56:00+05:30,UNKNOWN,0.0,None,,0,1,0.0,3.46,n,,40.0,8.573388203017832e-05,0.9942343964334706,0.003129286694101509,,0.002550582990397805,,,,,,,
317,23.11066,75.71574,2026-09-27 13:56:00+05:30,UNKNOWN,0.0,None,,0,1,0.0,2.22,l,,40.0,0.0004715363511659808,0.9876971879286695,0.002657750342935528,0.0004286694101508916,0.008637688614540466,,0.0001071673525377229,,,,,
318,23.33937,75.20975,2026-09-27 13:56:00+05:30,UNKNOWN,0.0,None,,0,1,0.0,2.35,n,,40.0,0.011959876543209876,0.9435442386831275,0.012688614540466393,,0.03178583676268861,2.143347050754458e-05,,,,,,
319,23.34903,77.04052,2026-09-27 13:56:00+05:30,UNKNOWN,0.0,None,,0,1,0.0,2.21,l,,40.0,0.0005572702331961591,0.9827246227709191,0.000664437585733882,,0.016053669410150892,,,,,,,
320,23.68505,86.09028,2026-09-27 13:56:00+05:30,UNKNOWN,0.0,None,,0,1,0.0,5.08,n,,60.0,0.39021776406035663,0.021883573388203018,0.002657750342935528,,0.27475565843621397,0.16025805898491083,0.15022719478737998,,,,,
321,25.72082,72.59474,2026-09-27 13:56:00+05:30,UNKNOWN,0.0,None,,0,1,0.0,2.64,n,,20.0,,0.2394761659807956,0.046617798353909466,0.6041237997256516,,0.10978223593964334,,,,,,
322,26.98183,70.87614,2026-09-27 13:58:00+05:30,UNKNOWN,0.0,None,,0,1,0.0,1.68,l,,60.0,0.004736796982167352,0.04539609053497942,2.143347050754458e-05,0.03433641975308642,0.0004715363511659808,0.9150377229080933,,,,,,
323,27.49935,70.63928,2026-09-27 13:58:00+05:30,UNKNOWN,0.0,None,,0,1,0.0,6.52,l,,60.0,,0.37690757887517146,0.006987311385459534,0.018775720164609055,0.016739540466392318,0.5797753772290809,0.0008144718792866941,,,,,
324,27.8918,69.24654,2026-09-27 13:58:00+05:30,UNKNOWN,0.0,None,,0,1,0.0,6.04,n,,30.0,0.0039651920438957475,0.19320130315500686,0.28941615226337447,0.30780606995884774,0.005422668038408779,0.20006001371742113,0.0001286008230452675,,,,,
325,28.05288,69.36937,2026-09-27 13:58:00+05:30,UNKNOWN,0.0,None,,0,1,0.0,3.0,n,,60.0,0.15952932098765432,0.437971536351166,0.09477880658436214,0.09126371742112482,0.11792695473251029,0.09675068587105624,0.0017789780521262003,,,,,
326,28.42485,69.70128,2026-09-27 13:58:00+05:30,UNKNOWN,0.0,None,,0,1,0.0,2.53,l,,50.0,0.27912808641975306,0.17609739368998628,0.03131430041152263,0.026598936899862827,0.08354766803840878,0.10555984224965706,0.29775377229080935,,,,,
327,29.23861,75.72599,2026-09-27 13:58:00+05:30,UNKNOWN,0.0,None,,0,1,0.0,17.13,n,,20.0,0.01281721536351166,0.5066658093278463,0.10243055555555555,0.26650377229080935,0.04513888888888889,0.05954218106995885,0.006901577503429355,,,,,
328,29.7972,72.81454,2026-09-27 13:58:00+05:30,UNKNOWN,0.0,None,,0,1,0.0,2.79,n,,40.0,0.04063786008230453,0.8077417695473251,0.021347736625514403,0.0009430727023319616,0.1271219135802469,0.0021862139917695473,2.143347050754458e-05,,,,,
329,30.05346,71.86819,2026-09-27 13:58:00+05:30,UNKNOWN,0.0,None,,0,2,0.0,2.48,n,,40.0,0.02998542524005487,0.7496356310013718,0.022655178326474623,0.012131344307270232,0.1515989368998628,0.0339934842249657,,,,,,
330,30.05678,71.86756,2026-09-27 13:58:00+05:30,UNKNOWN,0.0,None,,0,2,0.0,1.99,n,,10.0,0.019204389574759947,0.7902091906721537,0.021219135802469136,0.010352366255144033,0.13468792866941015,0.0243269890260631,,,,,,
331,30.30488,73.15482,2026-09-27 13:58:00+05:30,UNKNOWN,0.0,None,,0,1,0.0,3.48,l,,40.0,0.0710090877914952,0.8721707818930041,0.008637688614540466,0.0005787037037037037,0.046017661179698216,0.0015860768175582991,,,,,,
332,30.42241,73.38456,2026-09-27 13:58:00+05:30,UNKNOWN,0.0,None,,0,1,0.0,3.7,n,,40.0,0.053733710562414265,0.8463434499314129,0.024455589849108367,0.00019290123456790122,0.06998028120713305,0.005294067215363511,,,,,,
333,30.56778,73.69582,2026-09-27 13:58:00+05:30,UNKNOWN,0.0,None,,0,1,0.0,2.18,n,,40.0,0.004993998628257888,0.972843792866941,0.010502400548696845,0.000664437585733882,0.008873456790123456,0.0021219135802469135,,,,,,
334,30.62151,73.86823,2026-09-27 13:58:00+05:30,UNKNOWN,0.0,None,,0,4,0.0,13.93,n,,40.0,0.002979252400548697,0.9457304526748971,0.01716820987654321,0.00015003429355281208,0.02880658436213992,0.005165466392318244,,,,,,
335,30.6221,73.87292,2026-09-27 13:58:00+05:30,UNKNOWN,0.0,None,,0,4,0.0,13.93,n,,40.0,0.002872085048010974,0.96036951303155,0.009323559670781892,8.573388203017832e-05,0.02222650891632373,0.005122599451303155,,,,,,
336,30.6232,73.8719,2026-09-27 13:58:00+05:30,UNKNOWN,0.0,None,,0,4,0.0,37.26,n,,40.0,0.002914951989026063,0.9584190672153635,0.011123971193415638,8.573388203017832e-05,0.022290809327846366,0.005165466392318244,,,,,,
337,30.62566,73.87231,2026-09-27 13:58:00+05:30,UNKNOWN,0.0,None,,0,4,0.0,13.93,n,,40.0,0.0023791152263374486,0.9692858367626886,0.008766289437585733,8.573388203017832e-05,0.01431755829903978,0.005165466392318244,,,,,,
338,30.79223,73.78875,2026-09-27 13:58:00+05:30,UNKNOWN,0.0,None,,0,1,0.0,4.56,l,,40.0,0.05917781207133059,0.8342121056241426,0.044174382716049385,0.002100480109739369,0.047367969821673524,0.01286008230452675,0.0001071673525377229,,,,,
339,30.84066,73.91066,2026-09-27 13:58:00+05:30,UNKNOWN,0.0,None,,0,2,0.0,4.16,n,,40.0,0.006258573388203018,0.9726294581618655,0.008080418381344307,,0.012152777777777778,0.0008787722908093279,,,,,,
340,30.84222,73.90738,2026-09-27 13:58:00+05:30,UNKNOWN,0.0,None,,0,2,0.0,6.39,n,,40.0,0.01961162551440329,0.9539609053497943,0.011595507544581619,,0.014017489711934157,0.0008144718792866941,,,,,,
341,30.87968,70.81057,2026-09-27 13:58:00+05:30,UNKNOWN,0.0,None,,0,1,0.0,2.18,n,,40.0,,0.7504072359396433,0.003022119341563786,0.004029492455418381,0.004458161865569273,0.06490054869684499,0.17318244170096023,,,,,
342,30.93381,74.3532,2026-09-27 13:58:00+05:30,UNKNOWN,0.0,None,,0,1,0.0,2.51,l,,40.0,0.022976680384087792,0.6046167695473251,0.13280178326474623,0.07154492455418382,0.03135716735253772,0.11456189986282579,0.022140775034293552,,,,,
343,31.10928,74.85512,2026-09-27 13:58:00+05:30,UNKNOWN,0.0,None,,0,2,0.0,5.28,n,,40.0,0.012495713305898491,0.9645276063100137,0.0043938614540466395,,0.018497085048010974,8.573388203017832e-05,,,,,,
344,31.11304,74.85452,2026-09-27 13:58:00+05:30,UNKNOWN,0.0,None,,0,2,0.0,5.28,n,,40.0,0.011488340192043896,0.9558899176954733,0.003793724279835391,,0.028742283950617283,8.573388203017832e-05,,,,,,
345,31.12417,74.6612,2026-09-27 13:58:00+05:30,UNKNOWN,0.0,None,,0,1,0.0,8.95,n,,40.0,0.0018218449931412895,0.966349451303155,0.005851337448559671,,0.025977366255144033,,,,,,,
346,31.38435,75.06879,2026-09-27 13:58:00+05:30,UNKNOWN,0.0,None,,0,1,0.0,5.26,n,,40.0,0.022976680384087792,0.8984482167352538,0.0014789094650205761,0.00027863511659807956,0.07679612482853224,2.143347050754458e-05,,,,,,
347,31.44468,74.67042,2026-09-27 13:58:00+05:30,UNKNOWN,0.0,None,,0,1,0.0,2.72,n,,40.0,0.008401920438957476,0.8848593964334706,0.0014789094650205761,0.0016503772290809328,0.10356652949245541,4.286694101508916e-05,,,,,,
348,31.52592,72.2427,2026-09-27 13:58:00+05:30,UNKNOWN,0.0,None,,0,1,0.0,2.8,n,,40.0,0.016353737997256517,0.9163451646090535,0.01946159122085048,0.00038580246913580245,0.04676783264746228,0.0006858710562414266,,,,,,
349,31.55322,75.1392,2026-09-27 13:58:00+05:30,UNKNOWN,0.0,None,,0,1,0.0,3.93,n,,40.0,0.050347222222222224,0.8484867969821673,0.022526577503429356,0.005229766803840878,0.07218792866941015,0.0012217078189300412,,,,,,
350,31.56483,74.93671,2026-09-27 13:58:00+05:30,UNKNOWN,0.0,None,,0,1,0.0,3.34,n,,40.0,0.0647076474622771,0.9079218106995884,0.00589420438957476,0.0006001371742112483,0.019825960219478737,0.0010502400548696846,,,,,,
351,31.61764,74.6007,2026-09-27 13:58:00+05:30,UNKNOWN,0.0,None,,0,1,0.0,3.32,n,,40.0,0.01830418381344307,0.9401363168724279,0.0007287379972565158,0.0001071673525377229,0.0405306927297668,0.00019290123456790122,,,,,,
352,31.68603,74.52383,2026-09-27 13:58:00+05:30,UNKNOWN,0.0,None,,0,1,0.0,3.67,n,,40.0,4.286694101508916e-05,0.9762945816186557,0.00019290123456790122,,0.023469650205761316,,,,,,,
353,31.71177,73.78046,2026-09-27 13:58:00+05:30,UNKNOWN,0.0,None,,0,2,0.0,3.26,n,,40.0,0.009152091906721536,0.9354852537722909,0.017854080932784636,0.0006001371742112483,0.035729595336076815,0.001178840877914952,,,,,,
354,31.71236,73.78529,2026-09-27 13:58:00+05:30,UNKNOWN,0.0,None,,0,2,0.0,3.26,n,,40.0,0.010802469135802469,0.9381858710562414,0.011145404663923183,0.0032364540466392317,0.03386488340192044,0.0027434842249657062,2.143347050754458e-05,,,,,
355,31.73106,72.28572,2026-09-27 13:58:00+05:30,UNKNOWN,0.0,None,,0,1,0.0,11.56,n,,40.0,0.0009645061728395061,0.9005058299039781,0.06226423182441701,0.0003429355281207133,0.024155521262002745,0.011766975308641976,,,,,,
356,31.73248,70.78703,2026-09-27 13:58:00+05:30,UNKNOWN,0.0,None,,0,1,0.0,2.92,n,,40.0,0.00030006858710562417,0.9612482853223594,0.00510116598079561,0.0030435528120713305,0.030306927297668037,,,,,,,
357,31.75778,75.5459,2026-09-27 13:58:00+05:30,UNKNOWN,0.0,None,,0,1,0.0,8.47,n,,40.0,8.573388203017832e-05,0.5823259602194787,0.002872085048010974,0.01309585048010974,0.19761659807956103,0.06290723593964334,0.14109653635116598,,,,,
358,31.7813,74.75021,2026-09-27 13:58:00+05:30,UNKNOWN,0.0,None,,0,1,0.0,1.08,n,,40.0,0.009023491083676269,0.980088305898491,0.001328875171467764,,0.009559327846364884,,,,,,,
359,31.83601,74.18774,2026-09-27 13:58:00+05:30,UNKNOWN,0.0,None,,0,2,0.0,3.46,n,,40.0,0.0007073045267489712,0.9480024005486969,0.006730109739368999,0.0030006858710562414,0.041559499314128945,,,,,,,
360,31.84459,74.19662,2026-09-27 13:58:00+05:30,UNKNOWN,0.0,None,,0,2,0.0,5.93,n,,40.0,0.0008359053497942387,0.9506601508916324,0.008916323731138546,0.004758230452674897,0.033050411522633744,0.001693244170096022,8.573388203017832e-05,,,,,
361,31.85451,74.78438,2026-09-27 13:58:00+05:30,UNKNOWN,0.0,None,,0,1,0.0,4.04,n,,40.0,0.01744684499314129,0.9470164609053497,0.0013503086419753086,0.00038580246913580245,0.03380058299039781,,,,,,,
362,31.86595,74.0069,2026-09-27 13:58:00+05:30,UNKNOWN,0.0,None,,0,1,0.0,8.65,n,,40.0,0.009537894375857338,0.9631129972565158,0.00865912208504801,0.0002357681755829904,0.017939814814814815,0.00051440329218107,,,,,,
363,31.89807,73.63017,2026-09-27 13:58:00+05:30,UNKNOWN,0.0,None,,0,4,0.0,3.05,n,,40.0,0.008058984910836762,0.9744513031550068,0.009387860082304527,,0.008101851851851851,,,,,,,
364,31.90164,73.62956,2026-09-27 13:58:00+05:30,UNKNOWN,0.0,None,,0,4,0.0,10.6,n,,40.0,0.0007716049382716049,0.9916838134430727,0.005637002743484225,,0.0019075788751714677,,,,,,,
365,31.90223,73.63435,2026-09-27 13:58:00+05:30,UNKNOWN,0.0,None,,0,4,0.0,7.12,n,,40.0,0.028206447187928668,0.9423653978052127,0.020747599451303157,0.00019290123456790122,0.007566015089163237,0.000921639231824417,,,,,,
366,31.90402,73.56081,2026-09-27 13:58:00+05:30,UNKNOWN,0.0,None,,0,1,0.0,1.19,n,,40.0,0.07606738683127572,0.803883744855967,0.018454218106995886,0.00636574074074074,0.08039694787379972,0.008894890260631002,0.005937071330589849,,,,,
367,31.91117,73.61814,2026-09-27 13:58:00+05:30,UNKNOWN,0.0,None,,0,4,0.0,10.34,n,,40.0,0.03358624828532236,0.952653463648834,0.003750857338820302,,0.009173525377229081,0.0008359053497942387,,,,,,
368,32.20257,73.93232,2026-09-27 13:58:00+05:30,UNKNOWN,0.0,None,,0,1,0.0,4.32,n,,40.0,0.012967249657064472,0.9679569615912208,0.005744170096021948,0.003536522633744856,0.008680555555555556,0.0009645061728395061,0.00015003429355281208,,,,,
369,32.20934,74.01799,2026-09-27 13:58:00+05:30,UNKNOWN,0.0,None,,0,1,0.0,2.14,n,,40.0,0.02516289437585734,0.9297410836762688,0.008016117969821674,0.004029492455418381,0.029320987654320986,0.002786351165980796,0.0009430727023319616,,,,,
370,32.32403,73.37881,2026-09-27 13:58:00+05:30,UNKNOWN,0.0,None,,0,1,0.0,4.26,n,,40.0,0.001800411522633745,0.8190372085048011,0.02091906721536351,0.008616255144032922,0.14542609739368997,0.0011145404663923182,0.0030864197530864196,,,,,
371,32.41319,73.86033,2026-09-27 13:58:00+05:30,UNKNOWN,0.0,None,,0,1,0.0,3.23,n,,40.0,0.0411522633744856,0.6573216735253772,0.013438786008230452,0.004329561042524005,0.2817858367626886,0.00040723593964334706,0.0015646433470507546,,,,,
372,33.14028,72.58414,2026-09-27 13:58:00+05:30,UNKNOWN,0.0,None,,0,1,0.0,4.43,n,,20.0,,0.2075402949245542,0.022676611796982167,0.7245370370370371,0.03497942386831276,0.010266632373113855,,,,,,
373,33.29663,71.1847,2026-09-27 13:58:00+05:30,UNKNOWN,0.0,None,,0,1,0.0,2.69,l,,80.0,0.08588391632373114,0.19446587791495198,0.24046210562414266,0.16527349108367628,2.143347050754458e-05,0.26532493141289437,0.048568244170096024,,,,,
374,34.8846,69.97415,2026-09-27 14:00:00+05:30,UNKNOWN,0.0,None,,0,1,0.0,3.09,n,,10.0,,,0.16053669410150892,0.20083161865569274,0.628858024691358,0.00977366255144033,,,,,,
375,35.68074,73.66028,2026-09-27 14:00:00+05:30,UNKNOWN,0.0,None,,0,1,0.0,9.47,n,,10.0,,,0.44024348422496573,0.04453875171467764,0.49794238683127573,0.010330932784636489,0.0015003429355281207,,,,,0.005444101508916324
