latitude,longitude,bright_ti4,scan,track,acq_date,acq_time,satellite,instrument,confidence,version,bright_ti5,frp,daynight,type
18.1,73.34486,343.91,0.43,0.38,2022-03-06,830,N,VIIRS,n,2,309.4,3.72,D,0
18.31017,73.97713,333.46,0.46,0.39,2022-03-06,830,N,VIIRS,n,2,296.96,4.43,D,0
18.32451,73.25436,342.14,0.43,0.38,2022-03-06,830,N,VIIRS,l,2,316.88,5.74,D,0
18.35199,73.39677,347.79,0.44,0.38,2022-03-06,830,N,VIIRS,n,2,314.4,9.48,D,0
18.39452,72.97319,338.26,0.42,0.38,2022-03-06,830,N,VIIRS,n,2,311.54,4.43,D,0
18.39639,72.97274,334.2,0.42,0.38,2022-03-06,830,N,VIIRS,l,2,309.16,3.22,D,0
18.41183,73.23328,336.98,0.43,0.38,2022-03-06,830,N,VIIRS,n,2,306.43,3.91,D,0
18.43505,73.39961,335.29,0.44,0.38,2022-03-06,830,N,VIIRS,n,2,306.21,3.35,D,0
18.44219,73.2166,348.35,0.43,0.38,2022-03-06,830,N,VIIRS,n,2,311.66,5.79,D,0
18.4478,73.15363,339.26,0.43,0.38,2022-03-06,830,N,VIIRS,l,2,311.43,6.97,D,0
18.55545,73.72906,344.72,0.45,0.39,2022-03-06,830,N,VIIRS,n,2,309.54,7.21,D,0
18.57105,73.26431,341.52,0.43,0.38,2022-03-06,830,N,VIIRS,n,2,313.23,4.84,D,0
18.5773,72.24294,333.37,0.4,0.37,2022-03-06,830,N,VIIRS,n,2,298.81,8.48,D,3
18.59006,73.71517,338.69,0.45,0.39,2022-03-06,830,N,VIIRS,n,2,311.87,2.45,D,0
18.592,73.0047,333.15,0.42,0.38,2022-03-06,830,N,VIIRS,l,2,307.49,2.15,D,0
18.65122,73.37679,340.29,0.44,0.38,2022-03-06,830,N,VIIRS,n,2,306.23,3.47,D,0
18.73132,73.01751,338.87,0.42,0.38,2022-03-06,830,N,VIIRS,n,2,309.43,2.59,D,0
18.8506,73.31183,343.22,0.44,0.38,2022-03-06,830,N,VIIRS,n,2,312.83,8.69,D,0
18.95646,73.35155,340.09,0.44,0.38,2022-03-06,830,N,VIIRS,l,2,311.51,4.43,D,0
19.01874,73.99866,335.5,0.47,0.4,2022-03-06,830,N,VIIRS,l,2,308.13,2.74,D,0
19.03573,73.353,345.84,0.44,0.38,2022-03-06,830,N,VIIRS,n,2,304.38,8.58,D,0
19.0622,73.36166,367,0.44,0.38,2022-03-06,830,N,VIIRS,h,2,311.81,16.84,D,0
19.13772,73.18161,342.11,0.43,0.38,2022-03-06,830,N,VIIRS,l,2,313.31,4.92,D,0
19.14013,73.17304,340.23,0.43,0.38,2022-03-06,830,N,VIIRS,l,2,313.06,4.74,D,0
19.33287,72.02196,330.83,0.4,0.37,2022-03-06,830,N,VIIRS,n,2,297.26,1.71,D,3
19.33448,72.99355,337.5,0.43,0.38,2022-03-06,830,N,VIIRS,l,2,309.13,1.93,D,0
19.34387,73.13895,340.64,0.43,0.38,2022-03-06,830,N,VIIRS,l,2,314.66,4.42,D,0
19.36832,72.94674,344.27,0.43,0.38,2022-03-06,830,N,VIIRS,n,2,310.35,3.03,D,0
19.37276,73.06303,348.44,0.43,0.38,2022-03-06,830,N,VIIRS,n,2,311.9,5.32,D,0
19.37839,73.02073,342.83,0.43,0.38,2022-03-06,830,N,VIIRS,n,2,310.96,4.87,D,0
19.38189,73.02022,345.04,0.43,0.38,2022-03-06,830,N,VIIRS,n,2,310.84,4.87,D,0
19.38318,73.11195,337.57,0.43,0.38,2022-03-06,830,N,VIIRS,l,2,311.1,7.02,D,0
19.38366,73.11253,340.23,0.43,0.38,2022-03-06,830,N,VIIRS,l,2,311.12,7.1,D,0
19.38376,73.11607,349.08,0.43,0.38,2022-03-06,830,N,VIIRS,n,2,313.91,7.02,D,0
19.38422,73.11665,344.08,0.43,0.38,2022-03-06,830,N,VIIRS,n,2,313.95,7.1,D,0
19.43739,73.4762,345.23,0.45,0.39,2022-03-06,830,N,VIIRS,n,2,318.93,17.42,D,0
19.44003,73.31661,340.77,0.44,0.39,2022-03-06,830,N,VIIRS,n,2,311.92,4.88,D,0
19.48298,72.86856,336.94,0.43,0.38,2022-03-06,831,N,VIIRS,l,2,307.39,1.35,D,0
19.53477,73.22208,337.38,0.44,0.38,2022-03-06,831,N,VIIRS,l,2,310.2,5.27,D,0
19.58842,72.82394,335.73,0.42,0.38,2022-03-06,831,N,VIIRS,l,2,308.25,2.06,D,0
19.60707,72.8046,342.09,0.42,0.38,2022-03-06,831,N,VIIRS,n,2,309.29,4.49,D,0
19.61055,72.80408,339.47,0.42,0.38,2022-03-06,831,N,VIIRS,n,2,308.83,4.49,D,0
19.70682,73.13724,345.36,0.44,0.38,2022-03-06,831,N,VIIRS,n,2,309.26,5.12,D,0
19.72357,72.76627,338.08,0.42,0.38,2022-03-06,831,N,VIIRS,l,2,308.89,3.58,D,0
19.78331,73.91413,336.48,0.47,0.4,2022-03-06,831,N,VIIRS,l,2,307.97,3.13,D,0
19.828,72.79192,337.24,0.43,0.38,2022-03-06,831,N,VIIRS,l,2,310.07,4.6,D,0
19.83148,72.79139,350.43,0.43,0.38,2022-03-06,831,N,VIIRS,n,2,310.62,4.6,D,0
19.88268,72.71757,337.44,0.42,0.38,2022-03-06,831,N,VIIRS,n,2,305.88,2.29,D,0
20.18658,73.8244,338.21,0.47,0.4,2022-03-06,831,N,VIIRS,n,2,304.92,2.84,D,0
20.78756,70.8205,340,0.39,0.36,2022-03-06,831,N,VIIRS,n,2,311.07,3.95,D,0
20.79445,70.68264,335.26,0.39,0.36,2022-03-06,831,N,VIIRS,n,2,309.72,0.98,D,0
20.82035,70.7656,338.27,0.39,0.36,2022-03-06,831,N,VIIRS,n,2,312.98,3.43,D,0
20.86006,70.51206,342.02,0.39,0.36,2022-03-06,831,N,VIIRS,l,2,316.03,5.12,D,0
20.91564,70.74918,337.59,0.39,0.36,2022-03-06,831,N,VIIRS,n,2,312.52,1.79,D,0
20.98991,72.77657,336.43,0.43,0.38,2022-03-06,831,N,VIIRS,l,2,310.65,3.73,D,0
21.00693,72.7697,342.75,0.43,0.38,2022-03-06,831,N,VIIRS,n,2,306.16,3.02,D,0
21.03642,70.33064,345.21,0.38,0.36,2022-03-06,831,N,VIIRS,n,2,316.67,7.32,D,0
21.06228,73.68104,336.62,0.48,0.4,2022-03-06,831,N,VIIRS,n,2,305.84,2.33,D,0
21.06594,73.68047,334.55,0.48,0.4,2022-03-06,831,N,VIIRS,l,2,305.85,2.33,D,0
21.06596,70.89537,347.67,0.39,0.36,2022-03-06,831,N,VIIRS,n,2,315.83,11.44,D,0
21.09305,70.19269,343.89,0.38,0.36,2022-03-06,831,N,VIIRS,n,2,313.6,5.51,D,0
21.09636,70.19212,348.54,0.38,0.36,2022-03-06,831,N,VIIRS,n,2,315.66,5.51,D,0
21.10502,72.64473,339.37,0.43,0.38,2022-03-06,831,N,VIIRS,l,2,313.77,4.79,D,2
21.15384,72.73928,331.95,0.43,0.38,2022-03-06,831,N,VIIRS,l,2,305.93,1.39,D,2
21.33163,73.39223,340,0.46,0.39,2022-03-06,831,N,VIIRS,n,2,310.8,2.99,D,0
21.37275,72.97568,339.73,0.45,0.39,2022-03-06,831,N,VIIRS,n,2,309.62,5.02,D,0
21.37454,73.4635,338.27,0.47,0.4,2022-03-06,831,N,VIIRS,l,2,309.52,7.19,D,0
21.37483,73.46487,342.6,0.47,0.4,2022-03-06,831,N,VIIRS,n,2,309.74,5.5,D,0
21.45889,73.1997,335.56,0.46,0.39,2022-03-06,831,N,VIIRS,l,2,309.95,2.56,D,0
21.52852,71.15012,343.42,0.39,0.36,2022-03-06,831,N,VIIRS,n,2,316.1,5.37,D,0
21.5537,73.5844,344.98,0.48,0.4,2022-03-06,831,N,VIIRS,n,2,312.44,2.79,D,0
21.60787,70.62811,343.14,0.39,0.36,2022-03-06,831,N,VIIRS,n,2,316.95,2.48,D,0
21.64746,72.83191,335.92,0.44,0.39,2022-03-06,831,N,VIIRS,l,2,309.67,6.7,D,0
21.68472,73.16792,338.73,0.46,0.39,2022-03-06,831,N,VIIRS,n,2,313.51,3.12,D,0
21.99415,72.52605,338.58,0.43,0.38,2022-03-06,831,N,VIIRS,n,2,309.47,3.52,D,0
21.99758,72.52599,349.74,0.43,0.38,2022-03-06,831,N,VIIRS,n,2,311.81,9.24,D,0
21.99766,72.52552,343.28,0.43,0.38,2022-03-06,831,N,VIIRS,n,2,312.96,10.01,D,0
19.93772,72.70835,301.56,0.47,0.4,2022-03-06,2100,N,VIIRS,n,2,289.45,0.69,N,0
20.83401,70.69225,302.96,0.39,0.37,2022-03-06,2100,N,VIIRS,n,2,292.27,1.15,N,2
20.90912,71.4591,316.01,0.41,0.37,2022-03-06,2100,N,VIIRS,n,2,295.37,1.92,N,2
21.10338,72.64412,330.84,0.45,0.39,2022-03-06,2100,N,VIIRS,n,2,293.08,6.3,N,2
21.10563,72.63116,327.91,0.45,0.39,2022-03-06,2100,N,VIIRS,n,2,293.38,3.34,N,2
21.10618,72.64916,305.9,0.45,0.39,2022-03-06,2100,N,VIIRS,n,2,295.58,4.93,N,2
21.10694,72.64484,331.42,0.45,0.39,2022-03-06,2100,N,VIIRS,n,2,297.07,4.93,N,2
21.10918,72.63187,310.68,0.45,0.39,2022-03-06,2100,N,VIIRS,n,2,293.58,1.59,N,2
21.11199,72.6369,306.84,0.45,0.39,2022-03-06,2100,N,VIIRS,n,2,295.5,1.89,N,2
21.15459,72.73857,327.19,0.46,0.39,2022-03-06,2100,N,VIIRS,n,2,293.51,2.25,N,2
21.31948,73.51472,313.07,0.49,0.4,2022-03-06,2100,N,VIIRS,n,2,290.58,1.59,N,0
21.64238,71.49577,300.56,0.41,0.37,2022-03-06,2100,N,VIIRS,n,2,289.91,0.41,N,0
21.82544,70.47708,309.41,0.39,0.36,2022-03-06,2100,N,VIIRS,n,2,288.22,1.16,N,0
21.88174,73.24899,314.51,0.47,0.4,2022-03-06,2100,N,VIIRS,n,2,290.45,1.67,N,0
21.88181,73.24658,317.8,0.47,0.4,2022-03-06,2100,N,VIIRS,n,2,290.67,1.44,N,0
18.34887,73.62608,301.64,0.55,0.43,2022-03-06,2101,N,VIIRS,n,2,288.96,1.2,N,0
18.35273,73.627,309.15,0.55,0.43,2022-03-06,2101,N,VIIRS,n,2,288.58,1.33,N,0
18.35565,73.63306,309.3,0.55,0.43,2022-03-06,2101,N,VIIRS,n,2,289.36,1.33,N,0
18.3566,73.6279,303.19,0.55,0.43,2022-03-06,2101,N,VIIRS,n,2,288.17,1.33,N,0
18.3595,73.63405,305.57,0.55,0.43,2022-03-06,2101,N,VIIRS,n,2,287.41,1.28,N,0
18.59075,73.66842,301.13,0.55,0.43,2022-03-06,2101,N,VIIRS,n,2,290.78,1.69,N,0
18.59267,73.67997,299.56,0.55,0.43,2022-03-06,2101,N,VIIRS,n,2,289.46,1.05,N,0
18.68025,72.89662,303.87,0.5,0.41,2022-03-06,2101,N,VIIRS,n,2,291.99,1.9,N,0
18.68153,73.03899,308.77,0.51,0.41,2022-03-06,2101,N,VIIRS,n,2,293.81,1.47,N,2
18.68239,73.03423,305.77,0.51,0.41,2022-03-06,2101,N,VIIRS,n,2,294.46,1.47,N,2
18.68317,72.89897,325.14,0.5,0.41,2022-03-06,2101,N,VIIRS,n,2,293.72,3.16,N,0
18.68325,73.02947,303.45,0.51,0.41,2022-03-06,2101,N,VIIRS,n,2,292.54,1.1,N,2
18.68401,72.89719,323.99,0.5,0.41,2022-03-06,2101,N,VIIRS,n,2,293.36,1.9,N,0
18.68442,73.04449,312.17,0.51,0.41,2022-03-06,2101,N,VIIRS,n,2,294.88,2.07,N,0
18.68528,73.03971,308.25,0.51,0.41,2022-03-06,2101,N,VIIRS,n,2,294.1,3.14,N,2
18.687,73.0302,308.42,0.51,0.41,2022-03-06,2101,N,VIIRS,n,2,294.1,1.56,N,2
18.69278,73.04121,309.76,0.51,0.41,2022-03-06,2101,N,VIIRS,n,2,294.5,1.67,N,2
19.16346,73.88151,306.37,0.55,0.43,2022-03-06,2101,N,VIIRS,n,2,288.32,0.86,N,0
19.17693,70.94672,319.68,0.41,0.37,2022-03-06,2101,N,VIIRS,n,2,295.27,1.44,N,3
19.27412,72.81013,304.86,0.48,0.4,2022-03-06,2101,N,VIIRS,n,2,290.95,0.87,N,0
19.28287,71.43569,330.62,0.42,0.38,2022-03-06,2101,N,VIIRS,n,2,295.23,5.26,N,3
19.3322,72.94253,304.52,0.49,0.4,2022-03-06,2101,N,VIIRS,n,2,293.01,1.48,N,0
19.41684,71.39024,320.83,0.42,0.38,2022-03-06,2101,N,VIIRS,n,2,295.2,3.96,N,3
19.52703,71.29928,306.56,0.42,0.37,2022-03-06,2101,N,VIIRS,n,2,294.68,1.36,N,3
19.53046,71.29993,310,0.42,0.37,2022-03-06,2101,N,VIIRS,n,2,295.21,1.36,N,3
18.11905,73.34848,333,0.42,0.38,2022-03-07,811,N,VIIRS,l,2,305.29,1.67,D,0
18.14234,73.53304,342.52,0.41,0.37,2022-03-07,811,N,VIIRS,n,2,307.37,6.73,D,0
18.14913,73.22924,334.46,0.42,0.38,2022-03-07,811,N,VIIRS,l,2,308.06,8.31,D,0
18.14978,73.23322,338.69,0.42,0.38,2022-03-07,811,N,VIIRS,l,2,310.83,8.31,D,0
18.16235,73.22314,337.75,0.42,0.38,2022-03-07,811,N,VIIRS,l,2,309.93,1.88,D,0
18.17235,73.30625,349.48,0.42,0.38,2022-03-07,811,N,VIIRS,n,2,310.86,14.67,D,0
18.1758,73.30566,354.76,0.42,0.38,2022-03-07,811,N,VIIRS,n,2,313.35,14.67,D,0
18.17925,73.30507,347.59,0.42,0.38,2022-03-07,811,N,VIIRS,n,2,311.12,19.34,D,0
18.19485,73.15192,334.34,0.42,0.38,2022-03-07,811,N,VIIRS,n,2,304.39,1.87,D,0
18.19658,73.09787,333.01,0.43,0.38,2022-03-07,811,N,VIIRS,l,2,305.95,2.67,D,0
18.20004,73.09721,331.73,0.43,0.38,2022-03-07,811,N,VIIRS,l,2,301.95,2.67,D,0
18.22008,73.73087,335.22,0.41,0.37,2022-03-07,811,N,VIIRS,n,2,304.96,3.91,D,0
18.2207,73.26511,347.57,0.42,0.38,2022-03-07,811,N,VIIRS,n,2,308.55,8.59,D,0
18.22286,73.44367,335.06,0.41,0.37,2022-03-07,811,N,VIIRS,n,2,306.03,2.04,D,0
18.22767,73.32886,340.09,0.42,0.38,2022-03-07,811,N,VIIRS,l,2,310.99,3.01,D,0
18.24377,73.29758,334.32,0.42,0.38,2022-03-07,811,N,VIIRS,l,2,309.04,3.4,D,0
18.2673,73.69891,334.32,0.41,0.37,2022-03-07,811,N,VIIRS,n,2,308.48,2.41,D,0
18.26732,73.69901,334.06,0.41,0.37,2022-03-07,811,N,VIIRS,n,2,308.27,3.16,D,0
18.34612,73.34445,336.78,0.42,0.37,2022-03-07,811,N,VIIRS,l,2,309.47,2.58,D,0
18.41625,73.7746,339.52,0.4,0.37,2022-03-07,811,N,VIIRS,n,2,309.07,4.68,D,0
18.41687,73.77849,338.59,0.4,0.37,2022-03-07,811,N,VIIRS,n,2,308.63,4.68,D,0
18.41749,73.78232,333.13,0.4,0.37,2022-03-07,811,N,VIIRS,l,2,306.49,4.41,D,0
18.42087,73.78169,339.15,0.4,0.37,2022-03-07,811,N,VIIRS,n,2,308.58,4.41,D,0
18.42301,73.77336,339.67,0.4,0.37,2022-03-07,811,N,VIIRS,n,2,303.76,3.48,D,0
18.49339,73.68999,336.18,0.41,0.37,2022-03-07,811,N,VIIRS,l,2,308.78,3.21,D,0
18.49402,73.69382,335.68,0.41,0.37,2022-03-07,811,N,VIIRS,l,2,306.58,3.21,D,0
18.53241,73.52082,330.93,0.41,0.37,2022-03-07,811,N,VIIRS,l,2,304.7,2.64,D,0
18.54046,73.24908,336.08,0.42,0.38,2022-03-07,811,N,VIIRS,l,2,308.45,1.91,D,0
18.56075,73.37224,348.98,0.41,0.37,2022-03-07,811,N,VIIRS,n,2,308.77,8.28,D,0
18.57095,73.00179,332.01,0.43,0.38,2022-03-07,811,N,VIIRS,l,2,303.53,1.69,D,0
18.5772,72.24104,336.15,0.46,0.39,2022-03-07,811,N,VIIRS,n,2,295.7,7.23,D,3
18.68475,73.03567,337.8,0.42,0.38,2022-03-07,811,N,VIIRS,n,2,306.72,5.66,D,2
18.70979,73.55735,349.75,0.41,0.37,2022-03-07,811,N,VIIRS,n,2,316.22,33.62,D,0
18.71319,73.55677,340.26,0.41,0.37,2022-03-07,811,N,VIIRS,n,2,305.94,10.56,D,0
18.81211,73.3022,339.58,0.41,0.37,2022-03-07,811,N,VIIRS,n,2,306.32,1.46,D,0
18.88151,73.17239,330.41,0.42,0.37,2022-03-07,812,N,VIIRS,l,2,304.17,1.27,D,0
18.92852,73.20044,342.93,0.42,0.37,2022-03-07,812,N,VIIRS,n,2,309.05,3.31,D,0
18.95997,73.20338,334.66,0.42,0.37,2022-03-07,812,N,VIIRS,n,2,304.19,2.01,D,0
18.98421,73.30785,337.61,0.41,0.37,2022-03-07,812,N,VIIRS,l,2,308.61,2.96,D,0
18.98764,73.30727,342.9,0.41,0.37,2022-03-07,812,N,VIIRS,n,2,305.83,2.96,D,0
19.09522,73.26035,337.72,0.41,0.37,2022-03-07,812,N,VIIRS,n,2,307.48,3.66,D,0
19.1409,72.94267,346.48,0.42,0.38,2022-03-07,812,N,VIIRS,n,2,303.05,10.98,D,0
19.14363,73.3199,337.02,0.41,0.37,2022-03-07,812,N,VIIRS,n,2,305.58,3.48,D,0
19.14767,73.3232,335.78,0.41,0.37,2022-03-07,812,N,VIIRS,l,2,306,3.48,D,0
19.25379,73.26403,339.11,0.41,0.37,2022-03-07,812,N,VIIRS,n,2,303.47,1.65,D,0
19.25742,73.0772,330.85,0.42,0.37,2022-03-07,812,N,VIIRS,l,2,303.05,1.93,D,0
19.34142,72.9845,330.19,0.42,0.38,2022-03-07,812,N,VIIRS,l,2,304.91,1.48,D,0
19.36923,73.24307,330.42,0.41,0.37,2022-03-07,812,N,VIIRS,l,2,305.31,2.34,D,0
19.37601,73.15733,335.87,0.41,0.37,2022-03-07,812,N,VIIRS,n,2,305.1,1.42,D,0
19.47178,73.20469,339.25,0.41,0.37,2022-03-07,812,N,VIIRS,n,2,307.62,4.13,D,0
19.47802,73.63227,343.23,0.4,0.37,2022-03-07,812,N,VIIRS,n,2,309.86,6.15,D,0
19.49087,72.9827,340.06,0.42,0.38,2022-03-07,812,N,VIIRS,n,2,308.09,4.89,D,0
19.49431,72.98208,331.48,0.42,0.38,2022-03-07,812,N,VIIRS,l,2,305.98,2.99,D,0
19.51137,73.21454,337.55,0.41,0.37,2022-03-07,812,N,VIIRS,n,2,306.86,4.95,D,0
19.51202,73.21851,351.61,0.41,0.37,2022-03-07,812,N,VIIRS,n,2,309.25,4.95,D,0
19.51544,73.21797,355.59,0.41,0.37,2022-03-07,812,N,VIIRS,n,2,308.78,4.95,D,0
19.5414,73.20477,332.92,0.41,0.37,2022-03-07,812,N,VIIRS,l,2,305.53,3.3,D,0
19.63713,72.79187,335.94,0.42,0.38,2022-03-07,812,N,VIIRS,n,2,305.44,2.8,D,0
19.7208,72.78063,334.86,0.42,0.38,2022-03-07,812,N,VIIRS,l,2,305.88,3.14,D,0
20.80546,71.22407,346.55,0.48,0.4,2022-03-07,812,N,VIIRS,n,2,311.66,2.48,D,0
20.80626,71.22861,343.98,0.48,0.4,2022-03-07,812,N,VIIRS,n,2,311.36,7.3,D,0
20.82352,70.82556,345.91,0.5,0.41,2022-03-07,812,N,VIIRS,n,2,313.13,6,D,0
20.82435,70.82718,347.94,0.5,0.41,2022-03-07,812,N,VIIRS,n,2,312.65,8.38,D,0
20.89645,70.4268,342.26,0.52,0.42,2022-03-07,812,N,VIIRS,n,2,314.66,20.24,D,0
20.95815,70.79298,344.18,0.5,0.41,2022-03-07,812,N,VIIRS,n,2,313.51,12.81,D,0
20.96728,72.87491,338.73,0.41,0.37,2022-03-07,812,N,VIIRS,n,2,309.94,4.06,D,0
20.98866,70.52631,347.94,0.51,0.41,2022-03-07,812,N,VIIRS,n,2,315.15,5.49,D,0
20.99206,70.5285,338.27,0.51,0.41,2022-03-07,812,N,VIIRS,l,2,312.81,15.19,D,0
20.99243,70.52555,339.22,0.51,0.41,2022-03-07,812,N,VIIRS,n,2,312.03,5.49,D,0
21.00349,70.3306,346.25,0.53,0.42,2022-03-07,812,N,VIIRS,n,2,311.6,8.86,D,0
21.00634,72.77012,332,0.41,0.37,2022-03-07,812,N,VIIRS,l,2,305.84,1.6,D,0
21.10521,72.64567,342.19,0.42,0.37,2022-03-07,812,N,VIIRS,n,2,311,4.81,D,2
21.11629,72.71327,335.88,0.41,0.37,2022-03-07,812,N,VIIRS,l,2,309.5,3.47,D,0
21.1523,70.14754,345.15,0.53,0.42,2022-03-07,812,N,VIIRS,n,2,309.58,13.97,D,0
21.15481,72.73892,333.88,0.41,0.37,2022-03-07,812,N,VIIRS,l,2,305.34,2.96,D,2
21.21009,70.11446,341.83,0.54,0.42,2022-03-07,812,N,VIIRS,n,2,309.46,3.05,D,0
21.35834,73.4784,336.15,0.4,0.37,2022-03-07,812,N,VIIRS,l,2,306.18,2.81,D,0
21.65323,73.22066,337.35,0.4,0.37,2022-03-07,812,N,VIIRS,l,2,310.81,4.21,D,0
21.97438,72.75859,345.76,0.41,0.37,2022-03-07,812,N,VIIRS,n,2,314.35,4.92,D,0
21.10268,72.64587,343.5,0.4,0.37,2022-03-07,2041,N,VIIRS,n,2,293.3,6.95,N,2
21.10606,72.64643,343.76,0.4,0.37,2022-03-07,2041,N,VIIRS,n,2,298.45,12.79,N,2
21.10833,72.63097,331.4,0.4,0.37,2022-03-07,2041,N,VIIRS,n,2,292.64,4.97,N,2
21.11115,72.63541,312.44,0.4,0.37,2022-03-07,2041,N,VIIRS,n,2,294.66,2.68,N,2
21.35499,73.47273,301.14,0.39,0.36,2022-03-07,2041,N,VIIRS,n,2,282.66,0.7,N,0
21.47855,71.10825,306.38,0.46,0.39,2022-03-07,2041,N,VIIRS,n,2,277.62,1.16,N,0
18.00806,73.6428,321.1,0.38,0.36,2022-03-07,2042,N,VIIRS,n,2,292.94,2.37,N,0
18.00861,73.63922,324.66,0.38,0.36,2022-03-07,2042,N,VIIRS,n,2,293.95,2.37,N,0
18.00917,73.63563,314.95,0.38,0.36,2022-03-07,2042,N,VIIRS,n,2,294.04,2.23,N,0
18.07258,73.75033,307.37,0.38,0.36,2022-03-07,2042,N,VIIRS,n,2,289.73,0.68,N,0
18.07588,73.75092,305.12,0.38,0.36,2022-03-07,2042,N,VIIRS,n,2,289.28,0.53,N,0
18.07994,73.31395,306.88,0.38,0.36,2022-03-07,2042,N,VIIRS,n,2,293.12,0.68,N,0
18.2225,73.50936,311.13,0.38,0.36,2022-03-07,2042,N,VIIRS,n,2,293.28,1.04,N,0
18.31632,73.75108,300.51,0.38,0.36,2022-03-07,2042,N,VIIRS,n,2,281.97,0.61,N,0
18.57532,72.23946,330.59,0.4,0.37,2022-03-07,2042,N,VIIRS,n,2,293.62,9.44,N,3
18.57869,72.24001,329.89,0.4,0.37,2022-03-07,2042,N,VIIRS,n,2,289.17,4.37,N,3
19.28235,71.43501,331.37,0.42,0.38,2022-03-07,2042,N,VIIRS,n,2,294.41,4.98,N,3
19.41848,71.38935,325.71,0.43,0.38,2022-03-07,2042,N,VIIRS,n,2,294.42,4.55,N,3
19.51511,73.22577,303.27,0.39,0.36,2022-03-07,2042,N,VIIRS,n,2,287.86,0.75,N,0
18.05727,73.14246,338.65,0.51,0.49,2022-03-08,752,N,VIIRS,n,2,301.32,2.66,D,0
18.06483,73.22995,332.34,0.5,0.49,2022-03-08,752,N,VIIRS,l,2,303.76,5.76,D,0
18.06567,73.23428,346.19,0.5,0.49,2022-03-08,752,N,VIIRS,n,2,305.29,5.76,D,0
18.099,73.52592,331.49,0.48,0.48,2022-03-08,752,N,VIIRS,l,2,305.35,2.76,D,0
18.1004,73.52448,333.29,0.48,0.48,2022-03-08,752,N,VIIRS,l,2,306.07,1.67,D,0
18.20495,73.24612,331.17,0.5,0.49,2022-03-08,752,N,VIIRS,l,2,306.02,2.41,D,0
18.22911,73.25074,343.51,0.5,0.49,2022-03-08,752,N,VIIRS,n,2,307.08,4.21,D,0
18.58112,73.04118,342.91,0.51,0.49,2022-03-08,753,N,VIIRS,n,2,301.87,12.21,D,0
18.58561,73.04018,341.45,0.51,0.49,2022-03-08,753,N,VIIRS,n,2,298.96,12.21,D,0
18.68375,73.03735,341.33,0.51,0.49,2022-03-08,753,N,VIIRS,n,2,303.22,5.77,D,2
18.68468,73.04212,332.02,0.5,0.49,2022-03-08,753,N,VIIRS,l,2,303.54,6.77,D,2
18.68704,73.88329,340.63,0.45,0.47,2022-03-08,753,N,VIIRS,n,2,303.6,2.86,D,0
18.69132,73.88251,332.74,0.45,0.47,2022-03-08,753,N,VIIRS,l,2,303.15,2.86,D,0
19.03964,73.93512,332.76,0.44,0.46,2022-03-08,753,N,VIIRS,n,2,298.05,5.26,D,0
19.34735,72.95045,331.33,0.5,0.49,2022-03-08,753,N,VIIRS,n,2,299.22,2.21,D,0
20.83648,70.77258,344.41,0.32,0.55,2022-03-08,753,N,VIIRS,n,2,306.71,2.43,D,0
20.95103,70.79794,347.6,0.63,0.54,2022-03-08,753,N,VIIRS,n,2,309.39,18.61,D,0
21.10555,72.64706,344.46,0.48,0.48,2022-03-08,753,N,VIIRS,n,2,302.87,7.81,D,2
21.10721,72.63222,336.32,0.48,0.48,2022-03-08,753,N,VIIRS,n,2,301.05,4.02,D,2
21.12722,70.55132,347.64,0.33,0.55,2022-03-08,753,N,VIIRS,n,2,306.05,2.97,D,0
21.13973,72.8203,337.79,0.47,0.48,2022-03-08,753,N,VIIRS,n,2,300.26,2.76,D,0
21.21553,72.766,338.29,0.47,0.48,2022-03-08,753,N,VIIRS,n,2,301.17,1.62,D,0
21.2197,72.7674,338.48,0.47,0.48,2022-03-08,753,N,VIIRS,n,2,299.17,4.03,D,0
21.44933,71.1009,335.59,0.59,0.53,2022-03-08,754,N,VIIRS,l,2,310.42,3.1,D,0
21.47591,71.42114,334.17,0.57,0.52,2022-03-08,754,N,VIIRS,l,2,307.82,4.19,D,0
21.57806,70.60303,332.73,0.63,0.54,2022-03-08,754,N,VIIRS,l,2,306.88,2.01,D,0
21.99225,73.47175,331.63,0.42,0.45,2022-03-08,754,N,VIIRS,n,2,301.18,2.3,D,0
20.91604,72.87599,315.4,0.43,0.46,2022-03-08,2022,N,VIIRS,n,2,291.82,3.08,N,0
20.91654,72.87179,338.53,0.43,0.46,2022-03-08,2022,N,VIIRS,n,2,292.69,5.95,N,0
21.10278,72.64735,331.06,0.45,0.47,2022-03-08,2022,N,VIIRS,n,2,293.81,3.5,N,2
21.10489,72.62982,321.54,0.45,0.47,2022-03-08,2022,N,VIIRS,n,2,292.57,2.29,N,2
21.1071,72.64793,319.07,0.45,0.47,2022-03-08,2022,N,VIIRS,n,2,296.84,2.89,N,2
21.10922,72.63042,326.71,0.45,0.47,2022-03-08,2022,N,VIIRS,n,2,292.59,3.96,N,2
21.15484,72.73717,316.32,0.45,0.47,2022-03-08,2022,N,VIIRS,n,2,293.72,2.09,N,2
21.17688,73.34166,322.53,0.41,0.45,2022-03-08,2022,N,VIIRS,n,2,292.04,2.67,N,0
21.25038,73.84786,307.18,0.38,0.43,2022-03-08,2022,N,VIIRS,n,2,290.47,0.73,N,0
21.2544,73.84841,314.78,0.38,0.43,2022-03-08,2022,N,VIIRS,n,2,290.52,1.22,N,0
21.6384,71.42671,302.26,0.55,0.51,2022-03-08,2022,N,VIIRS,n,2,290.45,0.75,N,0
18.04697,73.56179,303.59,0.55,0.42,2022-03-08,2023,N,VIIRS,n,2,291.07,1.21,N,0
18.05084,73.5627,309.27,0.55,0.42,2022-03-08,2023,N,VIIRS,n,2,291.77,1.21,N,0
18.05156,73.55724,306.39,0.55,0.42,2022-03-08,2023,N,VIIRS,n,2,289.81,1.43,N,0
18.14081,73.99081,301.41,0.52,0.41,2022-03-08,2023,N,VIIRS,n,2,289.48,0.55,N,0
18.33759,73.35351,304.14,0.57,0.43,2022-03-08,2023,N,VIIRS,n,2,291.84,0.99,N,0
18.34161,73.35385,304.19,0.57,0.43,2022-03-08,2023,N,VIIRS,n,2,291.92,0.99,N,0
18.36963,73.07892,305.15,0.39,0.44,2022-03-08,2023,N,VIIRS,n,2,292.08,0.69,N,0
18.47201,73.6279,301.24,0.55,0.43,2022-03-08,2023,N,VIIRS,n,2,288.87,0.57,N,0
18.68479,73.03625,303.51,0.4,0.44,2022-03-08,2023,N,VIIRS,n,2,289.81,3.39,N,2
18.69247,73.04122,309.12,0.4,0.44,2022-03-08,2023,N,VIIRS,n,2,293.35,2.84,N,2
19.10281,73.0542,304.19,0.4,0.44,2022-03-08,2023,N,VIIRS,n,2,290.73,0.78,N,2
19.31976,72.9689,301.17,0.41,0.45,2022-03-08,2023,N,VIIRS,n,2,288.88,1.04,N,0
19.34331,72.94925,303.44,0.41,0.45,2022-03-08,2023,N,VIIRS,n,2,291.86,0.92,N,0
19.38705,73.18578,306.18,0.4,0.44,2022-03-08,2023,N,VIIRS,n,2,290.36,0.62,N,0
19.4286,73.05504,307.57,0.41,0.45,2022-03-08,2023,N,VIIRS,n,2,291.41,0.84,N,0
19.49138,73.30925,303.13,0.39,0.44,2022-03-08,2023,N,VIIRS,n,2,291.01,0.77,N,0
19.54811,73.44666,310.52,0.39,0.44,2022-03-08,2023,N,VIIRS,n,2,290.87,0.8,N,0
19.5682,73.57764,306.17,0.57,0.43,2022-03-08,2023,N,VIIRS,n,2,290.83,0.93,N,0
19.93574,73.71088,298.81,0.57,0.43,2022-03-08,2023,N,VIIRS,n,2,288.72,0.51,N,0
20.90856,71.45923,309.18,0.53,0.5,2022-03-08,2023,N,VIIRS,n,2,294.07,1.86,N,2
18.00003,73.42976,336.96,0.5,0.65,2022-03-09,734,N,VIIRS,n,2,297.74,8.59,D,0
18.00128,73.43554,336.91,0.49,0.65,2022-03-09,734,N,VIIRS,n,2,296.3,5.25,D,0
18.04353,73.30933,341.06,0.5,0.66,2022-03-09,734,N,VIIRS,n,2,297.88,9.75,D,0
18.05961,73.46808,331.41,0.49,0.65,2022-03-09,734,N,VIIRS,n,2,295.88,4.56,D,0
18.12238,73.46882,352.8,0.49,0.65,2022-03-09,734,N,VIIRS,n,2,300.55,18.81,D,0
18.12326,73.47288,357.49,0.49,0.65,2022-03-09,734,N,VIIRS,l,2,303.34,37.25,D,0
19.02086,73.70712,330.71,0.45,0.63,2022-03-09,734,N,VIIRS,n,2,297.65,1.8,D,0
20.94385,70.43269,330.13,0.66,0.73,2022-03-09,735,N,VIIRS,n,2,299.79,2.47,D,0
21.10502,72.64664,355.54,0.48,0.65,2022-03-09,735,N,VIIRS,n,2,300.54,9.84,D,2
21.10863,72.6448,339.21,0.48,0.65,2022-03-09,735,N,VIIRS,n,2,298.84,7.82,D,2
21.2114,70.08289,339.9,0.68,0.74,2022-03-09,735,N,VIIRS,n,2,305.68,7.12,D,0
21.2263,70.1143,345.58,0.68,0.74,2022-03-09,735,N,VIIRS,n,2,307.08,7.04,D,0
21.22793,70.12096,340.3,0.68,0.74,2022-03-09,735,N,VIIRS,n,2,306.63,10.37,D,0
21.31884,70.78014,336.11,0.62,0.71,2022-03-09,735,N,VIIRS,n,2,303.95,2.07,D,0
21.41117,70.21539,336.14,0.66,0.73,2022-03-09,735,N,VIIRS,n,2,303.12,3.92,D,0
21.57895,71.44305,331.1,0.56,0.68,2022-03-09,735,N,VIIRS,l,2,304.08,2.47,D,0
21.58195,71.44199,332.83,0.56,0.68,2022-03-09,735,N,VIIRS,l,2,304.29,2.26,D,0
21.5845,72.86742,333.86,0.45,0.63,2022-03-09,735,N,VIIRS,n,2,298.77,2.67,D,0
21.58563,72.86674,336.77,0.45,0.63,2022-03-09,735,N,VIIRS,n,2,298.89,2.27,D,0
18.92101,73.01037,352.16,0.66,0.73,2022-03-09,914,N,VIIRS,n,2,294.28,12.14,D,0
18.92156,73.01691,341.28,0.66,0.73,2022-03-09,914,N,VIIRS,n,2,294.27,15.7,D,0
20.88692,70.45052,331.29,0.48,0.64,2022-03-09,915,N,VIIRS,n,2,299.98,2.56,D,0
21.04819,70.34084,349.81,0.47,0.64,2022-03-09,915,N,VIIRS,n,2,309.06,5.98,D,0
21.04861,70.3454,353.15,0.47,0.64,2022-03-09,915,N,VIIRS,n,2,309.07,5.98,D,0
21.06197,70.49063,344.75,0.48,0.65,2022-03-09,915,N,VIIRS,n,2,307.36,6,D,0
21.06361,70.49171,343.4,0.48,0.65,2022-03-09,915,N,VIIRS,n,2,307.75,5.72,D,0
21.10426,70.19749,338.26,0.46,0.64,2022-03-09,915,N,VIIRS,n,2,308.88,3.76,D,0
21.10712,70.19712,340.88,0.46,0.64,2022-03-09,915,N,VIIRS,n,2,310.61,2.89,D,0
21.11407,70.17381,352.51,0.46,0.64,2022-03-09,915,N,VIIRS,n,2,308.17,5.93,D,0
21.11708,70.17339,348.68,0.46,0.64,2022-03-09,915,N,VIIRS,n,2,307.8,6.34,D,0
21.33828,70.46585,336.91,0.48,0.65,2022-03-09,915,N,VIIRS,n,2,307.44,2.51,D,0
21.3393,70.46628,335.68,0.48,0.65,2022-03-09,915,N,VIIRS,l,2,307.44,2.74,D,0
21.60829,70.22956,348.73,0.47,0.64,2022-03-09,915,N,VIIRS,n,2,311.44,3.67,D,0
21.75236,70.31059,332.91,0.48,0.65,2022-03-09,915,N,VIIRS,n,2,307.11,1.89,D,0
18.0097,73.37526,303.14,0.37,0.58,2022-03-09,2004,N,VIIRS,n,2,290.16,0.34,N,0
18.11197,73.56463,304.91,0.37,0.58,2022-03-09,2004,N,VIIRS,n,2,290.49,0.87,N,0
18.11656,73.57269,309.73,0.36,0.58,2022-03-09,2004,N,VIIRS,n,2,290.48,1.09,N,0
18.67991,73.03317,305.13,0.4,0.6,2022-03-09,2004,N,VIIRS,n,2,292.07,1.28,N,2
18.68364,73.0363,310.44,0.4,0.6,2022-03-09,2004,N,VIIRS,n,2,293.3,1.41,N,2
18.68403,73.03239,312.92,0.4,0.6,2022-03-09,2004,N,VIIRS,n,2,293.55,1.41,N,2
18.68441,73.02849,303.57,0.4,0.6,2022-03-09,2004,N,VIIRS,n,2,292.28,1.92,N,2
18.68508,73.03773,313.37,0.4,0.6,2022-03-09,2004,N,VIIRS,n,2,293.47,1.28,N,2
18.6855,73.03383,311.74,0.4,0.6,2022-03-09,2004,N,VIIRS,n,2,293.34,1.28,N,2
18.68591,73.02993,303.09,0.4,0.6,2022-03-09,2004,N,VIIRS,n,2,292.73,2.09,N,2
18.68923,73.03697,309.12,0.4,0.6,2022-03-09,2004,N,VIIRS,n,2,293.27,1.41,N,2
18.69067,73.03839,310.4,0.4,0.6,2022-03-09,2004,N,VIIRS,n,2,293.16,2.19,N,2
18.69482,73.03766,306.76,0.4,0.6,2022-03-09,2004,N,VIIRS,n,2,293.37,1.26,N,0
18.80329,73.22962,306.18,0.39,0.59,2022-03-09,2004,N,VIIRS,n,2,292.71,1.12,N,0
18.83161,73.2263,305.57,0.39,0.59,2022-03-09,2004,N,VIIRS,n,2,292.32,0.87,N,0
19.10033,73.05096,307.51,0.41,0.6,2022-03-09,2004,N,VIIRS,n,2,292.74,0.87,N,2
19.33929,72.94683,303.34,0.41,0.61,2022-03-09,2004,N,VIIRS,n,2,292.66,0.97,N,0
21.10442,72.64547,351.96,0.45,0.63,2022-03-09,2004,N,VIIRS,n,2,292.3,7.1,N,2
21.10483,72.64099,304.39,0.45,0.63,2022-03-09,2004,N,VIIRS,n,2,291.65,5.5,N,2
21.11031,72.64609,313.99,0.45,0.63,2022-03-09,2004,N,VIIRS,n,2,292.52,1.97,N,2
21.11154,72.63264,308.13,0.45,0.63,2022-03-09,2004,N,VIIRS,n,2,292.36,2.13,N,2
21.15368,72.73267,310.35,0.45,0.63,2022-03-09,2004,N,VIIRS,n,2,291.51,1.31,N,2
21.15525,72.7363,309.43,0.45,0.63,2022-03-09,2004,N,VIIRS,n,2,291.46,1.47,N,2
20.87982,71.02001,304.53,0.55,0.68,2022-03-09,2144,N,VIIRS,n,2,290.36,1,N,0
21.10569,72.64794,317.59,0.69,0.74,2022-03-09,2144,N,VIIRS,n,2,291.03,4.17,N,2
21.10571,72.64668,322.59,0.69,0.74,2022-03-09,2144,N,VIIRS,n,2,291.32,6.32,N,2
21.10732,72.64128,308.03,0.69,0.74,2022-03-09,2144,N,VIIRS,n,2,291.07,2.95,N,2
21.10894,72.63463,307.88,0.69,0.74,2022-03-09,2144,N,VIIRS,n,2,291.08,2.95,N,2
21.10904,72.63341,311.07,0.69,0.74,2022-03-09,2144,N,VIIRS,n,2,291.23,3.84,N,2
21.11055,72.62804,305.04,0.69,0.74,2022-03-09,2144,N,VIIRS,n,2,290.43,2.57,N,2
21.15492,72.73963,309.12,0.7,0.75,2022-03-09,2144,N,VIIRS,n,2,290.43,1.35,N,2
21.1552,72.73946,310,0.7,0.75,2022-03-09,2144,N,VIIRS,n,2,290.38,1.57,N,2
21.35645,73.00391,300.06,0.71,0.75,2022-03-09,2144,N,VIIRS,n,2,288.69,0.8,N,0
21.35716,73.00491,299.75,0.71,0.75,2022-03-09,2144,N,VIIRS,n,2,288.58,0.66,N,0
21.79242,72.64823,303.45,0.67,0.73,2022-03-09,2144,N,VIIRS,n,2,289.11,1.05,N,0
18.17335,73.39929,337.49,0.34,0.56,2022-03-10,855,N,VIIRS,n,2,298.52,2.68,D,0
18.1744,73.39759,353.12,0.34,0.56,2022-03-10,855,N,VIIRS,n,2,299.66,4.18,D,0
18.17473,73.40077,337.76,0.34,0.56,2022-03-10,855,N,VIIRS,n,2,297.56,4.18,D,0
18.17563,73.01985,337.62,0.32,0.55,2022-03-10,855,N,VIIRS,n,2,303.99,4.42,D,0
18.1763,73.02592,355.57,0.32,0.55,2022-03-10,855,N,VIIRS,n,2,302.92,6.89,D,0
18.17663,73.02897,367,0.32,0.55,2022-03-10,855,N,VIIRS,h,2,303.34,6.89,D,0
18.17867,73.19111,330.8,0.33,0.55,2022-03-10,855,N,VIIRS,n,2,299.81,1.33,D,0
18.18071,73.01936,336.16,0.32,0.55,2022-03-10,855,N,VIIRS,n,2,302.98,1.95,D,0
18.18103,73.02227,338.27,0.32,0.55,2022-03-10,855,N,VIIRS,n,2,301.42,1.95,D,0
18.38894,73.02796,349.38,0.32,0.55,2022-03-10,855,N,VIIRS,n,2,302,3.93,D,0
18.49861,73.61626,345.01,0.35,0.57,2022-03-10,855,N,VIIRS,n,2,297.4,4.23,D,0
18.49989,73.61637,338.39,0.35,0.57,2022-03-10,855,N,VIIRS,n,2,297.71,3.66,D,0
18.54232,73.22644,334.79,0.33,0.56,2022-03-10,855,N,VIIRS,n,2,300.96,2.47,D,0
18.57731,72.24039,339.58,0.58,0.52,2022-03-10,855,N,VIIRS,n,2,294.17,5.39,D,3
18.68278,73.03831,345.52,0.33,0.55,2022-03-10,855,N,VIIRS,n,2,302.77,5.41,D,2
18.71891,73.59172,367,0.35,0.57,2022-03-10,855,N,VIIRS,h,2,299.28,7.26,D,0
18.71922,73.58405,337.17,0.35,0.57,2022-03-10,855,N,VIIRS,n,2,300.41,5.07,D,0
18.71922,73.59481,342.18,0.35,0.57,2022-03-10,855,N,VIIRS,n,2,293.04,5.28,D,0
18.71983,73.58975,342.59,0.35,0.57,2022-03-10,855,N,VIIRS,n,2,298.77,5.71,D,0
18.72016,73.5928,348.77,0.35,0.57,2022-03-10,855,N,VIIRS,n,2,296.45,5.71,D,0
18.7205,73.59596,334.96,0.35,0.57,2022-03-10,855,N,VIIRS,n,2,287.99,1.46,D,0
18.72327,73.58195,344.57,0.35,0.57,2022-03-10,855,N,VIIRS,n,2,299.09,4.76,D,0
18.72356,73.58486,332.26,0.35,0.57,2022-03-10,855,N,VIIRS,n,2,297.59,4.76,D,0
18.72387,73.58785,355.66,0.35,0.57,2022-03-10,855,N,VIIRS,n,2,296.35,7.26,D,0
18.72482,73.58632,355.64,0.35,0.57,2022-03-10,855,N,VIIRS,n,2,297.21,5.07,D,0
19.04325,73.13461,342.96,0.33,0.56,2022-03-10,856,N,VIIRS,n,2,302.57,1.37,D,0
19.10442,73.1683,341.09,0.34,0.56,2022-03-10,856,N,VIIRS,n,2,304.44,2.38,D,0
19.10518,73.16635,348.81,0.34,0.56,2022-03-10,856,N,VIIRS,n,2,304.71,4.14,D,0
19.12107,73.11775,335.11,0.33,0.56,2022-03-10,856,N,VIIRS,l,2,306.22,2.8,D,0
19.14246,73.27332,335.63,0.34,0.56,2022-03-10,856,N,VIIRS,l,2,305.64,2.74,D,0
19.21065,73.51923,348.9,0.35,0.57,2022-03-10,856,N,VIIRS,n,2,303.39,5.49,D,0
19.28131,71.43544,335.99,0.52,0.5,2022-03-10,856,N,VIIRS,n,2,295.38,4.18,D,3
19.28499,73.31898,349.25,0.34,0.56,2022-03-10,856,N,VIIRS,n,2,303.98,4.43,D,0
19.29443,73.30798,348.45,0.34,0.56,2022-03-10,856,N,VIIRS,n,2,303.53,4.77,D,0
19.32449,73.13976,332.32,0.34,0.56,2022-03-10,856,N,VIIRS,l,2,302.57,1.01,D,0
19.36268,73.25518,348.69,0.34,0.56,2022-03-10,856,N,VIIRS,n,2,303.58,5.08,D,0
19.38636,73.1299,336.09,0.34,0.56,2022-03-10,856,N,VIIRS,n,2,302.57,3.29,D,0
19.41523,71.39029,332.44,0.52,0.5,2022-03-10,856,N,VIIRS,n,2,295.18,2.85,D,3
19.46301,73.40743,331.85,0.35,0.57,2022-03-10,856,N,VIIRS,l,2,304.14,1.04,D,0
19.52419,72.82228,337.16,0.32,0.55,2022-03-10,856,N,VIIRS,n,2,301.45,3.28,D,0
20.81742,70.71598,331.26,0.49,0.49,2022-03-10,856,N,VIIRS,l,2,304.02,2.58,D,0
20.81835,70.76424,350.3,0.49,0.49,2022-03-10,856,N,VIIRS,n,2,305.2,10.75,D,0
20.82301,70.56763,354.68,0.48,0.48,2022-03-10,856,N,VIIRS,n,2,305.64,20.19,D,0
20.84267,71.10473,343.09,0.52,0.5,2022-03-10,856,N,VIIRS,n,2,307.77,7.66,D,0
20.88067,70.49136,339.15,0.48,0.48,2022-03-10,856,N,VIIRS,n,2,304.96,2.99,D,0
20.89951,73.16144,334.06,0.35,0.57,2022-03-10,856,N,VIIRS,n,2,305.88,1.58,D,0
20.95317,70.67384,331.79,0.49,0.49,2022-03-10,856,N,VIIRS,l,2,305.99,2.22,D,0
20.95878,70.47881,342.48,0.48,0.48,2022-03-10,856,N,VIIRS,n,2,309.09,10.32,D,0
21.06066,70.23685,340.57,0.46,0.47,2022-03-10,856,N,VIIRS,n,2,306.92,3.5,D,0
21.08784,70.16582,333.08,0.46,0.47,2022-03-10,856,N,VIIRS,l,2,305.29,2.32,D,0
21.1061,72.63122,367,0.33,0.55,2022-03-10,856,N,VIIRS,h,2,306.47,8.28,D,2
21.10773,72.64725,356.08,0.33,0.55,2022-03-10,856,N,VIIRS,n,2,304.73,6.22,D,2
21.12929,71.10072,342.41,0.52,0.5,2022-03-10,856,N,VIIRS,n,2,312.08,2.34,D,0
21.15365,72.74039,332.47,0.33,0.56,2022-03-10,856,N,VIIRS,n,2,302.33,0.89,D,2
21.16685,70.0802,336.17,0.45,0.47,2022-03-10,856,N,VIIRS,l,2,308.59,2.78,D,0
21.16736,70.08458,337.14,0.45,0.47,2022-03-10,856,N,VIIRS,n,2,306.76,2.78,D,0
21.19855,70.12522,337.68,0.45,0.47,2022-03-10,856,N,VIIRS,n,2,310.28,2.17,D,0
21.24733,73.31962,330.84,0.36,0.58,2022-03-10,856,N,VIIRS,l,2,305.34,1.3,D,0
21.29644,70.39297,348.36,0.47,0.48,2022-03-10,856,N,VIIRS,n,2,317.54,13.03,D,0
21.31587,70.17456,340.01,0.46,0.47,2022-03-10,856,N,VIIRS,n,2,311.12,3.5,D,0
21.3161,70.1753,342.38,0.46,0.47,2022-03-10,856,N,VIIRS,n,2,311.7,4.64,D,0
21.44148,70.61419,340.41,0.49,0.49,2022-03-10,856,N,VIIRS,l,2,312.61,4.03,D,0
21.56693,70.11017,340.79,0.46,0.47,2022-03-10,856,N,VIIRS,l,2,314.9,5.7,D,0
21.7646,73.62277,330.69,0.39,0.59,2022-03-10,856,N,VIIRS,n,2,299.63,5.13,D,0
21.76969,73.56026,332.01,0.38,0.59,2022-03-10,856,N,VIIRS,n,2,299.09,3.96,D,0
18.60427,73.34277,308.25,0.78,0.78,2022-03-10,1945,N,VIIRS,n,2,287.32,2.24,N,0
18.60587,73.33904,308.91,0.78,0.78,2022-03-10,1945,N,VIIRS,n,2,287.31,2.38,N,0
20.91022,71.46192,306.92,0.59,0.53,2022-03-10,2125,N,VIIRS,n,2,294.21,2.58,N,2
21.10384,72.64725,342.09,0.35,0.57,2022-03-10,2125,N,VIIRS,n,2,295.3,5.29,N,2
21.10673,72.63387,350.54,0.35,0.57,2022-03-10,2125,N,VIIRS,n,2,294.95,7.02,N,2
21.10745,72.63054,367,0.35,0.57,2022-03-10,2125,N,VIIRS,h,2,295.23,7.02,N,2
21.109,72.64853,310.36,0.35,0.57,2022-03-10,2125,N,VIIRS,n,2,296.47,1.8,N,2
21.11189,72.63515,309.44,0.35,0.57,2022-03-10,2125,N,VIIRS,n,2,295.57,1.71,N,2
21.15429,72.74126,334.57,0.35,0.57,2022-03-10,2125,N,VIIRS,n,2,293.46,2.44,N,2
21.15444,72.74153,328.82,0.35,0.57,2022-03-10,2125,N,VIIRS,n,2,293.31,1.33,N,2
21.15504,72.73785,313.8,0.35,0.57,2022-03-10,2125,N,VIIRS,n,2,293.35,3,N,2
21.15516,72.73812,306.43,0.35,0.57,2022-03-10,2125,N,VIIRS,n,2,292.89,1.74,N,2
21.23533,72.991,309.27,0.37,0.58,2022-03-10,2125,N,VIIRS,n,2,289.26,0.85,N,0
21.2489,72.97964,306.69,0.36,0.58,2022-03-10,2125,N,VIIRS,n,2,289.28,1.91,N,0
21.24966,72.97615,335.42,0.36,0.58,2022-03-10,2125,N,VIIRS,n,2,290.38,1.91,N,0
21.25491,72.97746,302.17,0.36,0.58,2022-03-10,2125,N,VIIRS,n,2,289.45,0.62,N,0
21.44914,71.37226,299.36,0.57,0.52,2022-03-10,2125,N,VIIRS,n,2,288.36,0.48,N,0
21.49244,71.23535,310.26,0.56,0.52,2022-03-10,2125,N,VIIRS,n,2,289.24,1.46,N,0
18.57422,72.24235,314.41,0.37,0.58,2022-03-10,2126,N,VIIRS,n,2,292.27,0.99,N,3
18.57952,72.24359,307.17,0.37,0.58,2022-03-10,2126,N,VIIRS,n,2,292.43,0.99,N,3
18.60723,73.34856,310.11,0.44,0.62,2022-03-10,2126,N,VIIRS,n,2,288.98,1,N,0
18.68387,73.03772,310.08,0.41,0.61,2022-03-10,2126,N,VIIRS,n,2,292.67,2.08,N,2
18.68514,73.03977,307,0.41,0.61,2022-03-10,2126,N,VIIRS,n,2,292.32,1.77,N,2
18.68559,73.02993,309.72,0.41,0.61,2022-03-10,2126,N,VIIRS,n,2,292.26,2.16,N,2
18.6868,73.03194,311.74,0.41,0.61,2022-03-10,2126,N,VIIRS,n,2,292.99,2.78,N,2
18.85667,72.92834,308.3,0.4,0.6,2022-03-10,2126,N,VIIRS,n,2,292.18,1.06,N,2
19.17625,70.94947,309.98,0.6,0.53,2022-03-10,2126,N,VIIRS,n,2,294.93,1.75,N,3
19.28242,71.43916,308.55,0.32,0.54,2022-03-10,2126,N,VIIRS,n,2,293.99,1.56,N,3
19.28304,71.43613,343.14,0.32,0.54,2022-03-10,2126,N,VIIRS,n,2,295.14,6.68,N,3
19.34629,71.30545,311.14,0.62,0.54,2022-03-10,2126,N,VIIRS,n,2,294.48,1.72,N,3
19.36714,71.35422,309.36,0.63,0.54,2022-03-10,2126,N,VIIRS,n,2,294.32,1.69,N,3
19.36737,71.35377,307.53,0.63,0.54,2022-03-10,2126,N,VIIRS,n,2,294.32,2.07,N,3
19.37207,71.35535,323.16,0.63,0.54,2022-03-10,2126,N,VIIRS,n,2,294.56,3.08,N,3
19.3723,71.35491,323.46,0.63,0.54,2022-03-10,2126,N,VIIRS,n,2,294.59,2.07,N,3
19.41646,71.39051,323.73,0.63,0.54,2022-03-10,2126,N,VIIRS,n,2,294.52,3.07,N,3
19.50163,73.30092,318.9,0.41,0.61,2022-03-10,2126,N,VIIRS,n,2,291.14,1.78,N,0
19.50285,73.30299,307.31,0.41,0.61,2022-03-10,2126,N,VIIRS,n,2,291.16,0.67,N,0
19.50383,73.29843,303.45,0.41,0.61,2022-03-10,2126,N,VIIRS,n,2,291.15,0.67,N,0